,filter_interaction,example_no,motif1,motif1_qval,motif2,motif2_qval,mean_distance,mean_distance_bg,num_obs,num_obs_bg,pval,adjusted_pval,TF1,TF2,TF_Interaction,TF1_Family,TF2_Family,Family_Interaction
0,filter1$\longleftrightarrow$filter10,207,M0942_1.02,0.00522993,M0994_1.02,0.00315192,354.0,234.0,447.0,851.0,1.110898174685526e-10,2.904830851257199e-09,IRX4,SIX4,IRX4$\longleftrightarrow$SIX4,Homeodomain,Homeodomain,Homeodomain$\longleftrightarrow$Homeodomain
1,filter1$\longleftrightarrow$filter61,258,M0942_1.02,0.00522993,M4850_1.02,0.00399753,282.0,216.0,541.0,1503.0,0.0020202709576702988,0.01621676957913726,IRX4,TCF15,IRX4$\longleftrightarrow$TCF15,Homeodomain,bHLH,Homeodomain$\longleftrightarrow$bHLH
2,filter1$\longleftrightarrow$filter62,259,M0942_1.02,0.00522993,M0199_1.02,0.007157600000000001,594.0,504.0,959.0,1998.0,0.0038186559962436885,0.02869577845684925,IRX4,HES2,IRX4$\longleftrightarrow$HES2,Homeodomain,bHLH,Homeodomain$\longleftrightarrow$bHLH
3,filter1$\longleftrightarrow$filter78,275,M0942_1.02,0.00522993,M0408_1.02,0.00396541,246.0,216.0,657.0,1306.0,0.0005760707970512534,0.005263192282150088,IRX4,ZKSCAN1,IRX4$\longleftrightarrow$ZKSCAN1,Homeodomain,C2H2 ZF,Homeodomain$\longleftrightarrow$C2H2 ZF
4,filter1$\longleftrightarrow$filter84,281,M0942_1.02,0.00522993,M6257_1.02,0.0136718,216.0,264.0,902.0,1522.0,3.02969501199911e-17,1.3250088141487974e-15,IRX4,GATA5,IRX4$\longleftrightarrow$GATA5,Homeodomain,GATA,Homeodomain$\longleftrightarrow$GATA
5,filter1$\longleftrightarrow$filter129,326,M0942_1.02,0.00522993,M6257_1.02,0.017952700000000002,120.0,102.0,843.0,1603.0,2.767889851616613e-06,3.903489734749751e-05,IRX4,GATA5,IRX4$\longleftrightarrow$GATA5,Homeodomain,GATA,Homeodomain$\longleftrightarrow$GATA
6,filter1$\longleftrightarrow$filter143,340,M0942_1.02,0.00522993,M0607_1.02,0.00131189,822.0,342.0,1218.0,3236.0,0.003722281810538746,0.02803546016196461,IRX4,KDM2B,IRX4$\longleftrightarrow$KDM2B,Homeodomain,CxxC,Homeodomain$\longleftrightarrow$CxxC
7,filter1$\longleftrightarrow$filter153,350,M0942_1.02,0.00522993,M1007_1.02,0.0153505,588.0,426.0,931.0,2541.0,0.00042590726070986765,0.0040033673031958684,IRX4,HOXA11,IRX4$\longleftrightarrow$HOXA11,Homeodomain,Homeodomain,Homeodomain$\longleftrightarrow$Homeodomain
8,filter1$\longleftrightarrow$filter167,364,M0942_1.02,0.00522993,M1605_1.02,0.036521899999999996,432.0,216.0,925.0,2225.0,1.1705551403921001e-05,0.00014931331242732307,IRX4,SOX1,IRX4$\longleftrightarrow$SOX1,Homeodomain,Sox,Homeodomain$\longleftrightarrow$Sox
9,filter1$\longleftrightarrow$filter171,368,M0942_1.02,0.00522993,M1605_1.02,0.00593429,300.0,258.0,938.0,1802.0,0.006257333575212053,0.044628917854173715,IRX4,SOX1,IRX4$\longleftrightarrow$SOX1,Homeodomain,Sox,Homeodomain$\longleftrightarrow$Sox
10,filter1$\longleftrightarrow$filter199,396,M0942_1.02,0.00522993,M1668_1.02,0.048857300000000006,462.0,456.0,882.0,1891.0,0.0019669077944639924,0.01585236865210166,IRX4,PRKRIR,IRX4$\longleftrightarrow$PRKRIR,Homeodomain,THAP finger,Homeodomain$\longleftrightarrow$THAP finger
11,filter2$\longleftrightarrow$filter10,404,M0404_1.02,0.024599,M0994_1.02,0.00315192,456.0,414.0,291.0,430.0,7.956051242641533e-06,0.00010436220413798541,ZNF202,SIX4,ZNF202$\longleftrightarrow$SIX4,C2H2 ZF,Homeodomain,Homeodomain$\longleftrightarrow$C2H2 ZF
12,filter2$\longleftrightarrow$filter27,421,M0404_1.02,0.024599,M0942_1.02,0.016819499999999998,114.0,222.0,196.0,866.0,0.0029030427436640754,0.022440048355950717,ZNF202,IRX4,ZNF202$\longleftrightarrow$IRX4,C2H2 ZF,Homeodomain,Homeodomain$\longleftrightarrow$C2H2 ZF
13,filter2$\longleftrightarrow$filter30,424,M0404_1.02,0.024599,M0632_1.02,0.000285059,648.0,168.0,545.0,744.0,0.004880078861286911,0.035636216242476426,ZNF202,DMRTA2,ZNF202$\longleftrightarrow$DMRTA2,C2H2 ZF,DM,C2H2 ZF$\longleftrightarrow$DM
14,filter2$\longleftrightarrow$filter61,455,M0404_1.02,0.024599,M4850_1.02,0.00399753,204.0,384.0,383.0,971.0,0.001329915882450399,0.011246917188644493,ZNF202,TCF15,ZNF202$\longleftrightarrow$TCF15,C2H2 ZF,bHLH,C2H2 ZF$\longleftrightarrow$bHLH
15,filter2$\longleftrightarrow$filter62,456,M0404_1.02,0.024599,M0199_1.02,0.007157600000000001,108.0,72.0,663.0,1151.0,0.0008015836606398062,0.007104994771969491,ZNF202,HES2,ZNF202$\longleftrightarrow$HES2,C2H2 ZF,bHLH,C2H2 ZF$\longleftrightarrow$bHLH
16,filter2$\longleftrightarrow$filter84,478,M0404_1.02,0.024599,M6257_1.02,0.0136718,66.0,162.0,640.0,932.0,5.5917832741848164e-12,1.7171434471142544e-10,ZNF202,GATA5,ZNF202$\longleftrightarrow$GATA5,C2H2 ZF,GATA,C2H2 ZF$\longleftrightarrow$GATA
17,filter2$\longleftrightarrow$filter153,547,M0404_1.02,0.024599,M1007_1.02,0.0153505,690.0,270.0,682.0,1644.0,0.0003042540776452945,0.0029795038833974976,ZNF202,HOXA11,ZNF202$\longleftrightarrow$HOXA11,C2H2 ZF,Homeodomain,Homeodomain$\longleftrightarrow$C2H2 ZF
18,filter5$\longleftrightarrow$filter10,989,M0424_1.02,0.0171341,M0994_1.02,0.00315192,354.0,282.0,448.0,919.0,0.00011423061214270889,0.0012313515444354085,SNAI3,SIX4,SNAI3$\longleftrightarrow$SIX4,C2H2 ZF,Homeodomain,Homeodomain$\longleftrightarrow$C2H2 ZF
19,filter5$\longleftrightarrow$filter27,1006,M0424_1.02,0.0171341,M0942_1.02,0.016819499999999998,390.0,324.0,284.0,1632.0,0.003477161563987384,0.026424291011917667,SNAI3,IRX4,SNAI3$\longleftrightarrow$IRX4,C2H2 ZF,Homeodomain,Homeodomain$\longleftrightarrow$C2H2 ZF
20,filter5$\longleftrightarrow$filter84,1063,M0424_1.02,0.0171341,M6257_1.02,0.0136718,240.0,330.0,924.0,1764.0,4.0341900942047367e-07,6.569259303157125e-06,SNAI3,GATA5,SNAI3$\longleftrightarrow$GATA5,C2H2 ZF,GATA,C2H2 ZF$\longleftrightarrow$GATA
21,filter10$\longleftrightarrow$filter16,1950,M0994_1.02,0.00315192,M0891_1.02,0.0376976,450.0,384.0,427.0,1045.0,1.5229812867364024e-10,3.9205439359337236e-09,SIX4,TLX2,SIX4$\longleftrightarrow$TLX2,Homeodomain,Homeodomain,Homeodomain$\longleftrightarrow$Homeodomain
22,filter10$\longleftrightarrow$filter17,1951,M0994_1.02,0.00315192,M5349_1.02,0.0429401,450.0,360.0,253.0,475.0,5.5684340529491345e-06,7.436662363733882e-05,SIX4,DUXA,SIX4$\longleftrightarrow$DUXA,Homeodomain,Homeodomain,Homeodomain$\longleftrightarrow$Homeodomain
23,filter10$\longleftrightarrow$filter23,1957,M0994_1.02,0.00315192,M1605_1.02,0.00460849,12.0,192.0,174.0,617.0,0.003361137849865323,0.025635600641805305,SIX4,SOX1,SIX4$\longleftrightarrow$SOX1,Homeodomain,Sox,Homeodomain$\longleftrightarrow$Sox
24,filter10$\longleftrightarrow$filter27,1961,M0994_1.02,0.00315192,M0942_1.02,0.016819499999999998,288.0,390.0,138.0,625.0,1.5975668501348781e-09,3.654021005842981e-08,SIX4,IRX4,IRX4$\longleftrightarrow$SIX4,Homeodomain,Homeodomain,Homeodomain$\longleftrightarrow$Homeodomain
25,filter10$\longleftrightarrow$filter30,1964,M0994_1.02,0.00315192,M0632_1.02,0.000285059,402.0,336.0,408.0,717.0,1.0012333579262426e-08,2.0268100294378745e-07,SIX4,DMRTA2,SIX4$\longleftrightarrow$DMRTA2,Homeodomain,DM,Homeodomain$\longleftrightarrow$DM
26,filter10$\longleftrightarrow$filter33,1967,M0994_1.02,0.00315192,M0404_1.02,0.00558219,282.0,78.0,131.0,339.0,0.003212672315486909,0.024597524588639483,SIX4,ZNF202,ZNF202$\longleftrightarrow$SIX4,Homeodomain,C2H2 ZF,Homeodomain$\longleftrightarrow$C2H2 ZF
27,filter10$\longleftrightarrow$filter40,1974,M0994_1.02,0.00315192,M0404_1.02,0.00794002,336.0,402.0,304.0,777.0,0.00014074961376277519,0.0014826768471495311,SIX4,ZNF202,ZNF202$\longleftrightarrow$SIX4,Homeodomain,C2H2 ZF,Homeodomain$\longleftrightarrow$C2H2 ZF
28,filter10$\longleftrightarrow$filter41,1975,M0994_1.02,0.00315192,M0408_1.02,0.00144686,6.0,444.0,378.0,718.0,0.00044288532348105305,0.004145331633090063,SIX4,ZKSCAN1,SIX4$\longleftrightarrow$ZKSCAN1,Homeodomain,C2H2 ZF,Homeodomain$\longleftrightarrow$C2H2 ZF
29,filter10$\longleftrightarrow$filter47,1981,M0994_1.02,0.00315192,M0607_1.02,0.0005895869999999999,420.0,36.0,305.0,292.0,0.00542711591116113,0.03922781675125148,SIX4,KDM2B,SIX4$\longleftrightarrow$KDM2B,Homeodomain,CxxC,Homeodomain$\longleftrightarrow$CxxC
30,filter10$\longleftrightarrow$filter51,1985,M0994_1.02,0.00315192,M1605_1.02,0.0009314389999999999,270.0,120.0,431.0,1214.0,4.072273565262355e-07,6.620438862349314e-06,SIX4,SOX1,SIX4$\longleftrightarrow$SOX1,Homeodomain,Sox,Homeodomain$\longleftrightarrow$Sox
31,filter10$\longleftrightarrow$filter54,1988,M0994_1.02,0.00315192,M6547_1.02,0.0407065,318.0,396.0,294.0,855.0,0.00046967205276758807,0.004371377071104882,SIX4,ZFX,SIX4$\longleftrightarrow$ZFX,Homeodomain,C2H2 ZF,Homeodomain$\longleftrightarrow$C2H2 ZF
32,filter10$\longleftrightarrow$filter57,1991,M0994_1.02,0.00315192,M1528_1.02,0.044497800000000004,138.0,348.0,292.0,698.0,2.2429085685512472e-07,3.795207279387863e-06,SIX4,RFX7,SIX4$\longleftrightarrow$RFX7,Homeodomain,RFX,Homeodomain$\longleftrightarrow$RFX
33,filter10$\longleftrightarrow$filter61,1995,M0994_1.02,0.00315192,M4850_1.02,0.00399753,372.0,246.0,258.0,565.0,2.2375634326812613e-09,4.9804557882465794e-08,SIX4,TCF15,SIX4$\longleftrightarrow$TCF15,Homeodomain,bHLH,Homeodomain$\longleftrightarrow$bHLH
34,filter10$\longleftrightarrow$filter62,1996,M0994_1.02,0.00315192,M0199_1.02,0.007157600000000001,342.0,168.0,482.0,1050.0,2.2970078598177597e-16,9.62277040052918e-15,SIX4,HES2,SIX4$\longleftrightarrow$HES2,Homeodomain,bHLH,Homeodomain$\longleftrightarrow$bHLH
35,filter10$\longleftrightarrow$filter63,1997,M0994_1.02,0.00315192,M4850_1.02,0.0251043,270.0,198.0,411.0,531.0,7.491520856615191e-05,0.0008337459369451101,SIX4,TCF15,SIX4$\longleftrightarrow$TCF15,Homeodomain,bHLH,Homeodomain$\longleftrightarrow$bHLH
36,filter10$\longleftrightarrow$filter67,2001,M0994_1.02,0.00315192,M1668_1.02,0.00950468,96.0,138.0,250.0,510.0,7.357841132940128e-05,0.0008212418139446018,SIX4,PRKRIR,SIX4$\longleftrightarrow$PRKRIR,Homeodomain,THAP finger,Homeodomain$\longleftrightarrow$THAP finger
37,filter10$\longleftrightarrow$filter74,2008,M0994_1.02,0.00315192,M1605_1.02,0.0179262,288.0,450.0,260.0,660.0,2.2603164849223665e-05,0.0002747589354518642,SIX4,SOX1,SIX4$\longleftrightarrow$SOX1,Homeodomain,Sox,Homeodomain$\longleftrightarrow$Sox
38,filter10$\longleftrightarrow$filter78,2012,M0994_1.02,0.00315192,M0408_1.02,0.00396541,432.0,204.0,341.0,504.0,8.87204649761685e-12,2.6508236224636286e-10,SIX4,ZKSCAN1,SIX4$\longleftrightarrow$ZKSCAN1,Homeodomain,C2H2 ZF,Homeodomain$\longleftrightarrow$C2H2 ZF
39,filter10$\longleftrightarrow$filter80,2014,M0994_1.02,0.00315192,M0609_1.02,0.00039145699999999995,480.0,402.0,367.0,742.0,0.004006828651210403,0.029940624607749083,SIX4,DNMT1,SIX4$\longleftrightarrow$DNMT1,Homeodomain,CxxC,Homeodomain$\longleftrightarrow$CxxC
40,filter10$\longleftrightarrow$filter84,2018,M0994_1.02,0.00315192,M6257_1.02,0.0136718,336.0,144.0,440.0,676.0,5.24857776373072e-21,2.770330210092244e-19,SIX4,GATA5,SIX4$\longleftrightarrow$GATA5,Homeodomain,GATA,Homeodomain$\longleftrightarrow$GATA
41,filter10$\longleftrightarrow$filter86,2020,M0994_1.02,0.00315192,M0404_1.02,0.010442100000000001,480.0,450.0,308.0,548.0,2.98099626323391e-12,9.521483891186448e-11,SIX4,ZNF202,ZNF202$\longleftrightarrow$SIX4,Homeodomain,C2H2 ZF,Homeodomain$\longleftrightarrow$C2H2 ZF
42,filter10$\longleftrightarrow$filter89,2023,M0994_1.02,0.00315192,M6445_1.02,0.0336534,42.0,162.0,360.0,652.0,1.5896818951549067e-05,0.0001979541929392208,SIX4,RARB,SIX4$\longleftrightarrow$RARB,Homeodomain,Nuclear receptor,Homeodomain$\longleftrightarrow$Nuclear receptor
43,filter10$\longleftrightarrow$filter90,2024,M0994_1.02,0.00315192,M0404_1.02,0.00979919,474.0,396.0,251.0,516.0,3.2175450641162925e-05,0.0003817884867671443,SIX4,ZNF202,ZNF202$\longleftrightarrow$SIX4,Homeodomain,C2H2 ZF,Homeodomain$\longleftrightarrow$C2H2 ZF
44,filter10$\longleftrightarrow$filter91,2025,M0994_1.02,0.00315192,M6445_1.02,0.00626324,204.0,312.0,326.0,464.0,1.1658152849016963e-06,1.7508345927742535e-05,SIX4,RARB,SIX4$\longleftrightarrow$RARB,Homeodomain,Nuclear receptor,Homeodomain$\longleftrightarrow$Nuclear receptor
45,filter10$\longleftrightarrow$filter96,2030,M0994_1.02,0.00315192,M0756_1.02,0.0341843,462.0,336.0,503.0,1039.0,3.3336228444934967e-12,1.0596766930123977e-10,SIX4,FOXN3,SIX4$\longleftrightarrow$FOXN3,Homeodomain,Forkhead,Homeodomain$\longleftrightarrow$Forkhead
46,filter10$\longleftrightarrow$filter100,2034,M0994_1.02,0.00315192,M0891_1.02,0.00972613,72.0,408.0,316.0,897.0,9.793482259252188e-05,0.0010707719971256005,SIX4,TLX2,SIX4$\longleftrightarrow$TLX2,Homeodomain,Homeodomain,Homeodomain$\longleftrightarrow$Homeodomain
47,filter10$\longleftrightarrow$filter104,2038,M0994_1.02,0.00315192,M0632_1.02,0.0239745,312.0,450.0,313.0,580.0,0.00045366301011225997,0.004236246005736209,SIX4,DMRTA2,SIX4$\longleftrightarrow$DMRTA2,Homeodomain,DM,Homeodomain$\longleftrightarrow$DM
48,filter10$\longleftrightarrow$filter108,2042,M0994_1.02,0.00315192,M6461_1.02,0.0283823,42.0,432.0,459.0,1112.0,9.9390382617885e-12,2.938735845042041e-10,SIX4,RXRB,SIX4$\longleftrightarrow$RXRB,Homeodomain,Nuclear receptor,Homeodomain$\longleftrightarrow$Nuclear receptor
49,filter10$\longleftrightarrow$filter115,2049,M0994_1.02,0.00315192,M1605_1.02,0.0006724210000000001,192.0,78.0,368.0,646.0,0.00034771989311637,0.003352363446280353,SIX4,SOX1,SIX4$\longleftrightarrow$SOX1,Homeodomain,Sox,Homeodomain$\longleftrightarrow$Sox
50,filter10$\longleftrightarrow$filter129,2063,M0994_1.02,0.00315192,M6257_1.02,0.017952700000000002,402.0,420.0,430.0,889.0,6.619514264513279e-11,1.7872688514185854e-09,SIX4,GATA5,SIX4$\longleftrightarrow$GATA5,Homeodomain,GATA,Homeodomain$\longleftrightarrow$GATA
51,filter10$\longleftrightarrow$filter132,2066,M0994_1.02,0.00315192,M0891_1.02,0.00255905,270.0,366.0,191.0,498.0,0.0005702198127523063,0.005216921404118685,SIX4,TLX2,SIX4$\longleftrightarrow$TLX2,Homeodomain,Homeodomain,Homeodomain$\longleftrightarrow$Homeodomain
52,filter10$\longleftrightarrow$filter133,2067,M0994_1.02,0.00315192,M5502_1.02,0.0139477,372.0,222.0,336.0,831.0,4.827648800448097e-10,1.1715290668306912e-08,SIX4,GSX1,SIX4$\longleftrightarrow$GSX1,Homeodomain,Homeodomain,Homeodomain$\longleftrightarrow$Homeodomain
53,filter10$\longleftrightarrow$filter139,2073,M0994_1.02,0.00315192,M6446_1.02,0.0490665,180.0,246.0,273.0,716.0,1.275074490268847e-05,0.00016149188898866083,SIX4,RARG,SIX4$\longleftrightarrow$RARG,Homeodomain,Nuclear receptor,Homeodomain$\longleftrightarrow$Nuclear receptor
54,filter10$\longleftrightarrow$filter143,2077,M0994_1.02,0.00315192,M0607_1.02,0.00131189,234.0,420.0,599.0,1211.0,1.6546521470047078e-23,9.887664586560566e-22,SIX4,KDM2B,SIX4$\longleftrightarrow$KDM2B,Homeodomain,CxxC,Homeodomain$\longleftrightarrow$CxxC
55,filter10$\longleftrightarrow$filter144,2078,M0994_1.02,0.00315192,M0404_1.02,0.036089800000000005,132.0,222.0,224.0,433.0,4.9337853231922214e-11,1.3541709537407175e-09,SIX4,ZNF202,ZNF202$\longleftrightarrow$SIX4,Homeodomain,C2H2 ZF,Homeodomain$\longleftrightarrow$C2H2 ZF
56,filter10$\longleftrightarrow$filter148,2082,M0994_1.02,0.00315192,M0404_1.02,3.03573e-05,30.0,456.0,200.0,687.0,0.0071287332744972955,0.049931243727286766,SIX4,ZNF202,ZNF202$\longleftrightarrow$SIX4,Homeodomain,C2H2 ZF,Homeodomain$\longleftrightarrow$C2H2 ZF
57,filter10$\longleftrightarrow$filter152,2086,M0994_1.02,0.00315192,M0891_1.02,0.0103588,348.0,216.0,224.0,564.0,0.0008301923631723107,0.007335700637107375,SIX4,TLX2,SIX4$\longleftrightarrow$TLX2,Homeodomain,Homeodomain,Homeodomain$\longleftrightarrow$Homeodomain
58,filter10$\longleftrightarrow$filter153,2087,M0994_1.02,0.00315192,M1007_1.02,0.0153505,36.0,144.0,479.0,998.0,1.3535429442908928e-18,6.553321422979191e-17,SIX4,HOXA11,SIX4$\longleftrightarrow$HOXA11,Homeodomain,Homeodomain,Homeodomain$\longleftrightarrow$Homeodomain
59,filter10$\longleftrightarrow$filter154,2088,M0994_1.02,0.00315192,M6131_1.02,0.00482976,66.0,216.0,254.0,208.0,1.1605875718239614e-05,0.00014813683189047474,SIX4,UNKNOWN,SIX4$\longleftrightarrow$UNKNOWN,Homeodomain,UNKNOWN,Homeodomain$\longleftrightarrow$UNKNOWN
60,filter10$\longleftrightarrow$filter159,2093,M0994_1.02,0.00315192,M1605_1.02,0.00383922,186.0,96.0,372.0,708.0,7.478084251958835e-12,2.26493757275082e-10,SIX4,SOX1,SIX4$\longleftrightarrow$SOX1,Homeodomain,Sox,Homeodomain$\longleftrightarrow$Sox
61,filter10$\longleftrightarrow$filter160,2094,M0994_1.02,0.00315192,M1110_1.02,0.0410347,324.0,468.0,460.0,1080.0,1.5922708611755865e-13,5.491264794893066e-12,SIX4,HHEX,SIX4$\longleftrightarrow$HHEX,Homeodomain,Homeodomain,Homeodomain$\longleftrightarrow$Homeodomain
62,filter10$\longleftrightarrow$filter166,2100,M0994_1.02,0.00315192,M1605_1.02,0.0250776,96.0,432.0,415.0,1107.0,0.0003357817854113931,0.0032498646633761247,SIX4,SOX1,SIX4$\longleftrightarrow$SOX1,Homeodomain,Sox,Homeodomain$\longleftrightarrow$Sox
63,filter10$\longleftrightarrow$filter167,2101,M0994_1.02,0.00315192,M1605_1.02,0.036521899999999996,66.0,258.0,451.0,838.0,2.9986568418352735e-18,1.4173461400399075e-16,SIX4,SOX1,SIX4$\longleftrightarrow$SOX1,Homeodomain,Sox,Homeodomain$\longleftrightarrow$Sox
64,filter10$\longleftrightarrow$filter171,2105,M0994_1.02,0.00315192,M1605_1.02,0.00593429,6.0,468.0,507.0,1111.0,6.983997999854053e-16,2.8132505303460682e-14,SIX4,SOX1,SIX4$\longleftrightarrow$SOX1,Homeodomain,Sox,Homeodomain$\longleftrightarrow$Sox
65,filter10$\longleftrightarrow$filter172,2106,M0994_1.02,0.00315192,M1605_1.02,0.0145541,420.0,456.0,405.0,975.0,1.4205618622029988e-08,2.8127124871619373e-07,SIX4,SOX1,SIX4$\longleftrightarrow$SOX1,Homeodomain,Sox,Homeodomain$\longleftrightarrow$Sox
66,filter10$\longleftrightarrow$filter173,2107,M0994_1.02,0.00315192,M0891_1.02,0.00373005,42.0,102.0,289.0,508.0,5.573349692983243e-09,1.1723476272798474e-07,SIX4,TLX2,SIX4$\longleftrightarrow$TLX2,Homeodomain,Homeodomain,Homeodomain$\longleftrightarrow$Homeodomain
67,filter10$\longleftrightarrow$filter175,2109,M0994_1.02,0.00315192,M0607_1.02,0.00325007,234.0,204.0,241.0,436.0,1.966235619797137e-06,2.8455361889704162e-05,SIX4,KDM2B,SIX4$\longleftrightarrow$KDM2B,Homeodomain,CxxC,Homeodomain$\longleftrightarrow$CxxC
68,filter10$\longleftrightarrow$filter176,2110,M0994_1.02,0.00315192,M0607_1.02,0.0188208,150.0,480.0,446.0,966.0,1.1368554678518349e-08,2.2804724752806114e-07,SIX4,KDM2B,SIX4$\longleftrightarrow$KDM2B,Homeodomain,CxxC,Homeodomain$\longleftrightarrow$CxxC
69,filter10$\longleftrightarrow$filter178,2112,M0994_1.02,0.00315192,M1605_1.02,0.0219495,18.0,366.0,269.0,871.0,1.2125082707404154e-07,2.154259114237815e-06,SIX4,SOX1,SIX4$\longleftrightarrow$SOX1,Homeodomain,Sox,Homeodomain$\longleftrightarrow$Sox
70,filter10$\longleftrightarrow$filter188,2122,M0994_1.02,0.00315192,M0632_1.02,0.0437815,792.0,450.0,351.0,480.0,4.485307775372893e-07,7.256352798548388e-06,SIX4,DMRTA2,SIX4$\longleftrightarrow$DMRTA2,Homeodomain,DM,Homeodomain$\longleftrightarrow$DM
71,filter10$\longleftrightarrow$filter189,2123,M0994_1.02,0.00315192,M0408_1.02,0.00263428,102.0,30.0,106.0,208.0,1.763000840451963e-07,3.040030652006379e-06,SIX4,ZKSCAN1,SIX4$\longleftrightarrow$ZKSCAN1,Homeodomain,C2H2 ZF,Homeodomain$\longleftrightarrow$C2H2 ZF
72,filter10$\longleftrightarrow$filter196,2130,M0994_1.02,0.00315192,M0891_1.02,0.00909911,606.0,114.0,285.0,438.0,0.0002435771742273297,0.0024454804187435085,SIX4,TLX2,SIX4$\longleftrightarrow$TLX2,Homeodomain,Homeodomain,Homeodomain$\longleftrightarrow$Homeodomain
73,filter10$\longleftrightarrow$filter198,2132,M0994_1.02,0.00315192,M6406_1.02,0.00295379,378.0,60.0,302.0,618.0,5.178320435729642e-07,8.250071925587203e-06,SIX4,PAX2,SIX4$\longleftrightarrow$PAX2,Homeodomain,"Homeodomain,Paired box","Homeodomain$\longleftrightarrow$Homeodomain,Paired box"
74,filter10$\longleftrightarrow$filter199,2133,M0994_1.02,0.00315192,M1668_1.02,0.048857300000000006,420.0,174.0,408.0,707.0,8.538647329024173e-11,2.27457219812921e-09,SIX4,PRKRIR,SIX4$\longleftrightarrow$PRKRIR,Homeodomain,THAP finger,Homeodomain$\longleftrightarrow$THAP finger
75,filter16$\longleftrightarrow$filter27,3074,M0891_1.02,0.0376976,M0942_1.02,0.016819499999999998,132.0,78.0,282.0,1651.0,3.7319464567250676e-05,0.00043709242226234324,TLX2,IRX4,TLX2$\longleftrightarrow$IRX4,Homeodomain,Homeodomain,Homeodomain$\longleftrightarrow$Homeodomain
76,filter16$\longleftrightarrow$filter61,3108,M0891_1.02,0.0376976,M4850_1.02,0.00399753,96.0,624.0,527.0,1755.0,0.00031225554868134385,0.0030503550138488273,TLX2,TCF15,TLX2$\longleftrightarrow$TCF15,Homeodomain,bHLH,Homeodomain$\longleftrightarrow$bHLH
77,filter16$\longleftrightarrow$filter62,3109,M0891_1.02,0.0376976,M0199_1.02,0.007157600000000001,60.0,156.0,926.0,2449.0,0.0006002752734265031,0.00546426242722506,TLX2,HES2,TLX2$\longleftrightarrow$HES2,Homeodomain,bHLH,Homeodomain$\longleftrightarrow$bHLH
78,filter16$\longleftrightarrow$filter78,3125,M0891_1.02,0.0376976,M0408_1.02,0.00396541,372.0,480.0,639.0,1535.0,1.4465102506648028e-05,0.00018137433823553188,TLX2,ZKSCAN1,TLX2$\longleftrightarrow$ZKSCAN1,Homeodomain,C2H2 ZF,Homeodomain$\longleftrightarrow$C2H2 ZF
79,filter16$\longleftrightarrow$filter84,3131,M0891_1.02,0.0376976,M6257_1.02,0.0136718,210.0,150.0,851.0,1754.0,3.301630761726837e-17,1.4407708449035598e-15,TLX2,GATA5,TLX2$\longleftrightarrow$GATA5,Homeodomain,GATA,Homeodomain$\longleftrightarrow$GATA
80,filter16$\longleftrightarrow$filter129,3176,M0891_1.02,0.0376976,M6257_1.02,0.017952700000000002,162.0,312.0,811.0,1971.0,0.0005401513792256906,0.004969242854929271,TLX2,GATA5,TLX2$\longleftrightarrow$GATA5,Homeodomain,GATA,Homeodomain$\longleftrightarrow$GATA
81,filter16$\longleftrightarrow$filter143,3190,M0891_1.02,0.0376976,M0607_1.02,0.00131189,432.0,96.0,1179.0,3729.0,0.0003923668071103775,0.00372860892774088,TLX2,KDM2B,TLX2$\longleftrightarrow$KDM2B,Homeodomain,CxxC,Homeodomain$\longleftrightarrow$CxxC
82,filter16$\longleftrightarrow$filter153,3200,M0891_1.02,0.0376976,M1007_1.02,0.0153505,180.0,12.0,911.0,2991.0,7.275387859210934e-05,0.0008137883249603058,TLX2,HOXA11,TLX2$\longleftrightarrow$HOXA11,Homeodomain,Homeodomain,Homeodomain$\longleftrightarrow$Homeodomain
83,filter16$\longleftrightarrow$filter167,3214,M0891_1.02,0.0376976,M1605_1.02,0.036521899999999996,432.0,102.0,903.0,2643.0,0.00018817249186739606,0.0019331153410786339,TLX2,SOX1,TLX2$\longleftrightarrow$SOX1,Homeodomain,Sox,Homeodomain$\longleftrightarrow$Sox
84,filter16$\longleftrightarrow$filter199,3246,M0891_1.02,0.0376976,M1668_1.02,0.048857300000000006,330.0,96.0,846.0,2255.0,3.817795527229699e-06,5.2735847609946636e-05,TLX2,PRKRIR,TLX2$\longleftrightarrow$PRKRIR,Homeodomain,THAP finger,Homeodomain$\longleftrightarrow$THAP finger
85,filter17$\longleftrightarrow$filter27,3256,M5349_1.02,0.0429401,M0942_1.02,0.016819499999999998,150.0,324.0,152.0,593.0,1.8114647044804481e-06,2.62920030302381e-05,DUXA,IRX4,DUXA$\longleftrightarrow$IRX4,Homeodomain,Homeodomain,Homeodomain$\longleftrightarrow$Homeodomain
86,filter17$\longleftrightarrow$filter30,3259,M5349_1.02,0.0429401,M0632_1.02,0.000285059,510.0,456.0,471.0,718.0,0.00021477987654558672,0.0021794516896382608,DUXA,DMRTA2,DUXA$\longleftrightarrow$DMRTA2,Homeodomain,DM,Homeodomain$\longleftrightarrow$DM
87,filter17$\longleftrightarrow$filter61,3290,M5349_1.02,0.0429401,M4850_1.02,0.00399753,42.0,342.0,325.0,603.0,1.2876679468560798e-06,1.9251167899691308e-05,DUXA,TCF15,DUXA$\longleftrightarrow$TCF15,Homeodomain,bHLH,Homeodomain$\longleftrightarrow$bHLH
88,filter17$\longleftrightarrow$filter62,3291,M5349_1.02,0.0429401,M0199_1.02,0.007157600000000001,342.0,258.0,557.0,1010.0,1.1023484161104905e-06,1.6605322583030015e-05,DUXA,HES2,DUXA$\longleftrightarrow$HES2,Homeodomain,bHLH,Homeodomain$\longleftrightarrow$bHLH
89,filter17$\longleftrightarrow$filter78,3307,M5349_1.02,0.0429401,M0408_1.02,0.00396541,390.0,390.0,388.0,539.0,0.00016642573602139308,0.0017311582441660747,DUXA,ZKSCAN1,DUXA$\longleftrightarrow$ZKSCAN1,Homeodomain,C2H2 ZF,Homeodomain$\longleftrightarrow$C2H2 ZF
90,filter17$\longleftrightarrow$filter84,3313,M5349_1.02,0.0429401,M6257_1.02,0.0136718,108.0,66.0,533.0,674.0,8.028173598265771e-10,1.904083747698338e-08,DUXA,GATA5,DUXA$\longleftrightarrow$GATA5,Homeodomain,GATA,Homeodomain$\longleftrightarrow$GATA
91,filter17$\longleftrightarrow$filter86,3315,M5349_1.02,0.0429401,M0404_1.02,0.010442100000000001,30.0,216.0,379.0,642.0,0.0018435725831977613,0.014991929232959647,DUXA,ZNF202,DUXA$\longleftrightarrow$ZNF202,Homeodomain,C2H2 ZF,Homeodomain$\longleftrightarrow$C2H2 ZF
92,filter17$\longleftrightarrow$filter90,3319,M5349_1.02,0.0429401,M0404_1.02,0.00979919,438.0,108.0,280.0,571.0,0.0010585796186292071,0.009162538421532229,DUXA,ZNF202,DUXA$\longleftrightarrow$ZNF202,Homeodomain,C2H2 ZF,Homeodomain$\longleftrightarrow$C2H2 ZF
93,filter17$\longleftrightarrow$filter96,3325,M5349_1.02,0.0429401,M0756_1.02,0.0341843,336.0,240.0,591.0,1107.0,4.6656257881912755e-07,7.487200609614371e-06,DUXA,FOXN3,DUXA$\longleftrightarrow$FOXN3,Homeodomain,Forkhead,Homeodomain$\longleftrightarrow$Forkhead
94,filter17$\longleftrightarrow$filter108,3337,M5349_1.02,0.0429401,M6461_1.02,0.0283823,12.0,126.0,514.0,1155.0,0.0040981608833566005,0.030577166635887894,DUXA,RXRB,DUXA$\longleftrightarrow$RXRB,Homeodomain,Nuclear receptor,Homeodomain$\longleftrightarrow$Nuclear receptor
95,filter17$\longleftrightarrow$filter129,3358,M5349_1.02,0.0429401,M6257_1.02,0.017952700000000002,462.0,378.0,491.0,844.0,0.0009826206011693892,0.008553441532226454,DUXA,GATA5,DUXA$\longleftrightarrow$GATA5,Homeodomain,GATA,Homeodomain$\longleftrightarrow$GATA
96,filter17$\longleftrightarrow$filter133,3362,M5349_1.02,0.0429401,M5502_1.02,0.0139477,438.0,426.0,392.0,780.0,0.00012139448818033558,0.0012987252259680096,DUXA,GSX1,DUXA$\longleftrightarrow$GSX1,Homeodomain,Homeodomain,Homeodomain$\longleftrightarrow$Homeodomain
97,filter17$\longleftrightarrow$filter143,3372,M5349_1.02,0.0429401,M0607_1.02,0.00131189,66.0,288.0,679.0,1308.0,8.834016405340018e-12,2.6468168765322624e-10,DUXA,KDM2B,DUXA$\longleftrightarrow$KDM2B,Homeodomain,CxxC,Homeodomain$\longleftrightarrow$CxxC
98,filter17$\longleftrightarrow$filter152,3381,M5349_1.02,0.0429401,M0891_1.02,0.0103588,342.0,78.0,263.0,590.0,0.0031973085357696906,0.02448931584036993,DUXA,TLX2,DUXA$\longleftrightarrow$TLX2,Homeodomain,Homeodomain,Homeodomain$\longleftrightarrow$Homeodomain
99,filter17$\longleftrightarrow$filter153,3382,M5349_1.02,0.0429401,M1007_1.02,0.0153505,72.0,636.0,536.0,1050.0,0.0009492593405200828,0.008288421069332657,DUXA,HOXA11,DUXA$\longleftrightarrow$HOXA11,Homeodomain,Homeodomain,Homeodomain$\longleftrightarrow$Homeodomain
100,filter17$\longleftrightarrow$filter159,3388,M5349_1.02,0.0429401,M1605_1.02,0.00383922,234.0,84.0,414.0,722.0,0.0002553815442626158,0.002548564367744129,DUXA,SOX1,DUXA$\longleftrightarrow$SOX1,Homeodomain,Sox,Homeodomain$\longleftrightarrow$Sox
101,filter17$\longleftrightarrow$filter160,3389,M5349_1.02,0.0429401,M1110_1.02,0.0410347,450.0,180.0,534.0,1044.0,0.00025194268111480725,0.002519300206785703,DUXA,HHEX,DUXA$\longleftrightarrow$HHEX,Homeodomain,Homeodomain,Homeodomain$\longleftrightarrow$Homeodomain
102,filter17$\longleftrightarrow$filter167,3396,M5349_1.02,0.0429401,M1605_1.02,0.036521899999999996,150.0,282.0,516.0,878.0,0.00024465469244071584,0.002455059871345337,DUXA,SOX1,DUXA$\longleftrightarrow$SOX1,Homeodomain,Sox,Homeodomain$\longleftrightarrow$Sox
103,filter17$\longleftrightarrow$filter171,3400,M5349_1.02,0.0429401,M1605_1.02,0.00593429,138.0,198.0,556.0,1022.0,0.001473912549449364,0.012312924358309359,DUXA,SOX1,DUXA$\longleftrightarrow$SOX1,Homeodomain,Sox,Homeodomain$\longleftrightarrow$Sox
104,filter17$\longleftrightarrow$filter196,3425,M5349_1.02,0.0429401,M0891_1.02,0.00909911,18.0,114.0,336.0,474.0,0.0003351274363576094,0.0032451099056350703,DUXA,TLX2,DUXA$\longleftrightarrow$TLX2,Homeodomain,Homeodomain,Homeodomain$\longleftrightarrow$Homeodomain
105,filter17$\longleftrightarrow$filter199,3428,M5349_1.02,0.0429401,M1668_1.02,0.048857300000000006,276.0,30.0,485.0,775.0,0.0002579438084405735,0.002570267323064082,DUXA,PRKRIR,DUXA$\longleftrightarrow$PRKRIR,Homeodomain,THAP finger,Homeodomain$\longleftrightarrow$THAP finger
106,filter23$\longleftrightarrow$filter84,4384,M1605_1.02,0.00460849,M6257_1.02,0.0136718,264.0,126.0,375.0,1104.0,0.0018293392485559804,0.01488226562020256,SOX1,GATA5,SOX1$\longleftrightarrow$GATA5,Sox,GATA,Sox$\longleftrightarrow$GATA
107,filter27$\longleftrightarrow$filter30,5024,M0942_1.02,0.016819499999999998,M0632_1.02,0.000285059,150.0,252.0,245.0,950.0,3.0512751624582023e-06,4.2728395884487486e-05,IRX4,DMRTA2,IRX4$\longleftrightarrow$DMRTA2,Homeodomain,DM,Homeodomain$\longleftrightarrow$DM
108,filter27$\longleftrightarrow$filter33,5027,M0942_1.02,0.016819499999999998,M0404_1.02,0.00558219,366.0,180.0,95.0,793.0,0.001865919992229471,0.015124212596893788,IRX4,ZNF202,ZNF202$\longleftrightarrow$IRX4,Homeodomain,C2H2 ZF,Homeodomain$\longleftrightarrow$C2H2 ZF
109,filter27$\longleftrightarrow$filter35,5029,M0942_1.02,0.016819499999999998,M1049_1.02,0.0369812,246.0,282.0,257.0,1254.0,0.005026436047209043,0.0365707681548127,IRX4,SIX4,IRX4$\longleftrightarrow$SIX4,Homeodomain,Homeodomain,Homeodomain$\longleftrightarrow$Homeodomain
110,filter27$\longleftrightarrow$filter40,5034,M0942_1.02,0.016819499999999998,M0404_1.02,0.00794002,378.0,468.0,222.0,1570.0,0.005172794755447329,0.03753954881059315,IRX4,ZNF202,ZNF202$\longleftrightarrow$IRX4,Homeodomain,C2H2 ZF,Homeodomain$\longleftrightarrow$C2H2 ZF
111,filter27$\longleftrightarrow$filter41,5035,M0942_1.02,0.016819499999999998,M0408_1.02,0.00144686,174.0,198.0,232.0,1205.0,7.884544494751466e-06,0.00010349244782391782,IRX4,ZKSCAN1,IRX4$\longleftrightarrow$ZKSCAN1,Homeodomain,C2H2 ZF,Homeodomain$\longleftrightarrow$C2H2 ZF
112,filter27$\longleftrightarrow$filter57,5051,M0942_1.02,0.016819499999999998,M1528_1.02,0.044497800000000004,210.0,228.0,184.0,988.0,1.0290475320606654e-06,1.5548228428606818e-05,IRX4,RFX7,IRX4$\longleftrightarrow$RFX7,Homeodomain,RFX,Homeodomain$\longleftrightarrow$RFX
113,filter27$\longleftrightarrow$filter61,5055,M0942_1.02,0.016819499999999998,M4850_1.02,0.00399753,24.0,240.0,170.0,915.0,0.0013670157484827524,0.011521493595535065,IRX4,TCF15,IRX4$\longleftrightarrow$TCF15,Homeodomain,bHLH,Homeodomain$\longleftrightarrow$bHLH
114,filter27$\longleftrightarrow$filter62,5056,M0942_1.02,0.016819499999999998,M0199_1.02,0.007157600000000001,120.0,414.0,293.0,1367.0,9.897685330842683e-10,2.3280619432439548e-08,IRX4,HES2,IRX4$\longleftrightarrow$HES2,Homeodomain,bHLH,Homeodomain$\longleftrightarrow$bHLH
115,filter27$\longleftrightarrow$filter63,5057,M0942_1.02,0.016819499999999998,M4850_1.02,0.0251043,114.0,108.0,283.0,1140.0,4.202084358025142e-05,0.0004878487551945292,IRX4,TCF15,IRX4$\longleftrightarrow$TCF15,Homeodomain,bHLH,Homeodomain$\longleftrightarrow$bHLH
116,filter27$\longleftrightarrow$filter78,5072,M0942_1.02,0.016819499999999998,M0408_1.02,0.00396541,474.0,6.0,218.0,863.0,1.0027315365320834e-06,1.5162123742744626e-05,IRX4,ZKSCAN1,IRX4$\longleftrightarrow$ZKSCAN1,Homeodomain,C2H2 ZF,Homeodomain$\longleftrightarrow$C2H2 ZF
117,filter27$\longleftrightarrow$filter84,5078,M0942_1.02,0.016819499999999998,M6257_1.02,0.0136718,174.0,168.0,271.0,1026.0,1.7516249910042085e-13,6.009583740688405e-12,IRX4,GATA5,IRX4$\longleftrightarrow$GATA5,Homeodomain,GATA,Homeodomain$\longleftrightarrow$GATA
118,filter27$\longleftrightarrow$filter86,5080,M0942_1.02,0.016819499999999998,M0404_1.02,0.010442100000000001,396.0,540.0,211.0,1107.0,0.0014965236283816972,0.012480856530246184,IRX4,ZNF202,ZNF202$\longleftrightarrow$IRX4,Homeodomain,C2H2 ZF,Homeodomain$\longleftrightarrow$C2H2 ZF
119,filter27$\longleftrightarrow$filter89,5083,M0942_1.02,0.016819499999999998,M6445_1.02,0.0336534,456.0,252.0,250.0,1321.0,1.2119155774062288e-05,0.0001540952592639396,IRX4,RARB,IRX4$\longleftrightarrow$RARB,Homeodomain,Nuclear receptor,Homeodomain$\longleftrightarrow$Nuclear receptor
120,filter27$\longleftrightarrow$filter90,5084,M0942_1.02,0.016819499999999998,M0404_1.02,0.00979919,24.0,468.0,168.0,1097.0,1.885729062508269e-06,2.7310132907461466e-05,IRX4,ZNF202,ZNF202$\longleftrightarrow$IRX4,Homeodomain,C2H2 ZF,Homeodomain$\longleftrightarrow$C2H2 ZF
121,filter27$\longleftrightarrow$filter96,5090,M0942_1.02,0.016819499999999998,M0756_1.02,0.0341843,216.0,174.0,339.0,1801.0,1.845281214492493e-09,4.172642146271151e-08,IRX4,FOXN3,IRX4$\longleftrightarrow$FOXN3,Homeodomain,Forkhead,Homeodomain$\longleftrightarrow$Forkhead
122,filter27$\longleftrightarrow$filter100,5094,M0942_1.02,0.016819499999999998,M0891_1.02,0.00972613,72.0,462.0,221.0,1486.0,0.0010530028667581964,0.0091182350067978,IRX4,TLX2,TLX2$\longleftrightarrow$IRX4,Homeodomain,Homeodomain,Homeodomain$\longleftrightarrow$Homeodomain
123,filter27$\longleftrightarrow$filter104,5098,M0942_1.02,0.016819499999999998,M0632_1.02,0.0239745,474.0,378.0,196.0,703.0,4.802318021458579e-07,7.681778642202914e-06,IRX4,DMRTA2,IRX4$\longleftrightarrow$DMRTA2,Homeodomain,DM,Homeodomain$\longleftrightarrow$DM
124,filter27$\longleftrightarrow$filter108,5102,M0942_1.02,0.016819499999999998,M6461_1.02,0.0283823,330.0,174.0,304.0,1837.0,9.440175502078837e-06,0.00012285811139036416,IRX4,RXRB,IRX4$\longleftrightarrow$RXRB,Homeodomain,Nuclear receptor,Homeodomain$\longleftrightarrow$Nuclear receptor
125,filter27$\longleftrightarrow$filter129,5123,M0942_1.02,0.016819499999999998,M6257_1.02,0.017952700000000002,150.0,432.0,266.0,1178.0,0.00013812254107318668,0.0014588643549975275,IRX4,GATA5,IRX4$\longleftrightarrow$GATA5,Homeodomain,GATA,Homeodomain$\longleftrightarrow$GATA
126,filter27$\longleftrightarrow$filter133,5127,M0942_1.02,0.016819499999999998,M5502_1.02,0.0139477,480.0,174.0,212.0,1082.0,7.647460174776504e-06,0.00010057951752668713,IRX4,GSX1,IRX4$\longleftrightarrow$GSX1,Homeodomain,Homeodomain,Homeodomain$\longleftrightarrow$Homeodomain
127,filter27$\longleftrightarrow$filter139,5133,M0942_1.02,0.016819499999999998,M6446_1.02,0.0490665,210.0,444.0,191.0,1447.0,1.1298450575245017e-06,1.700664659582455e-05,IRX4,RARG,IRX4$\longleftrightarrow$RARG,Homeodomain,Nuclear receptor,Homeodomain$\longleftrightarrow$Nuclear receptor
128,filter27$\longleftrightarrow$filter143,5137,M0942_1.02,0.016819499999999998,M0607_1.02,0.00131189,378.0,408.0,380.0,2080.0,6.643428318747075e-12,2.030684794389371e-10,IRX4,KDM2B,IRX4$\longleftrightarrow$KDM2B,Homeodomain,CxxC,Homeodomain$\longleftrightarrow$CxxC
129,filter27$\longleftrightarrow$filter144,5138,M0942_1.02,0.016819499999999998,M0404_1.02,0.036089800000000005,420.0,318.0,175.0,1034.0,0.0062478218403865145,0.04457705514587711,IRX4,ZNF202,ZNF202$\longleftrightarrow$IRX4,Homeodomain,C2H2 ZF,Homeodomain$\longleftrightarrow$C2H2 ZF
130,filter27$\longleftrightarrow$filter153,5147,M0942_1.02,0.016819499999999998,M1007_1.02,0.0153505,276.0,492.0,310.0,1678.0,1.3188414963207127e-09,3.055137012256794e-08,IRX4,HOXA11,IRX4$\longleftrightarrow$HOXA11,Homeodomain,Homeodomain,Homeodomain$\longleftrightarrow$Homeodomain
131,filter27$\longleftrightarrow$filter159,5153,M0942_1.02,0.016819499999999998,M1605_1.02,0.00383922,480.0,294.0,244.0,1095.0,1.274612921339328e-08,2.5363522521731284e-07,IRX4,SOX1,IRX4$\longleftrightarrow$SOX1,Homeodomain,Sox,Homeodomain$\longleftrightarrow$Sox
132,filter27$\longleftrightarrow$filter160,5154,M0942_1.02,0.016819499999999998,M1110_1.02,0.0410347,408.0,264.0,305.0,1528.0,0.0007693607284488932,0.006852958431246429,IRX4,HHEX,IRX4$\longleftrightarrow$HHEX,Homeodomain,Homeodomain,Homeodomain$\longleftrightarrow$Homeodomain
133,filter27$\longleftrightarrow$filter167,5161,M0942_1.02,0.016819499999999998,M1605_1.02,0.036521899999999996,480.0,234.0,282.0,1489.0,9.055852459920236e-07,1.3819203075149755e-05,IRX4,SOX1,IRX4$\longleftrightarrow$SOX1,Homeodomain,Sox,Homeodomain$\longleftrightarrow$Sox
134,filter27$\longleftrightarrow$filter171,5165,M0942_1.02,0.016819499999999998,M1605_1.02,0.00593429,210.0,198.0,288.0,1318.0,1.9855725264147884e-06,2.869346964642547e-05,IRX4,SOX1,IRX4$\longleftrightarrow$SOX1,Homeodomain,Sox,Homeodomain$\longleftrightarrow$Sox
135,filter27$\longleftrightarrow$filter173,5167,M0942_1.02,0.016819499999999998,M0891_1.02,0.00373005,426.0,480.0,187.0,953.0,0.006855169220781935,0.048355552046912345,IRX4,TLX2,TLX2$\longleftrightarrow$IRX4,Homeodomain,Homeodomain,Homeodomain$\longleftrightarrow$Homeodomain
136,filter27$\longleftrightarrow$filter189,5183,M0942_1.02,0.016819499999999998,M0408_1.02,0.00263428,36.0,516.0,90.0,521.0,0.006159180711041238,0.04403935931333439,IRX4,ZKSCAN1,IRX4$\longleftrightarrow$ZKSCAN1,Homeodomain,C2H2 ZF,Homeodomain$\longleftrightarrow$C2H2 ZF
137,filter27$\longleftrightarrow$filter196,5190,M0942_1.02,0.016819499999999998,M0891_1.02,0.00909911,78.0,210.0,180.0,721.0,0.0017893815653384887,0.01459897653492029,IRX4,TLX2,TLX2$\longleftrightarrow$IRX4,Homeodomain,Homeodomain,Homeodomain$\longleftrightarrow$Homeodomain
138,filter27$\longleftrightarrow$filter198,5192,M0942_1.02,0.016819499999999998,M6406_1.02,0.00295379,108.0,84.0,230.0,1171.0,5.2513764935457204e-05,0.0005998687763781072,IRX4,PAX2,IRX4$\longleftrightarrow$PAX2,Homeodomain,"Homeodomain,Paired box","Homeodomain$\longleftrightarrow$Homeodomain,Paired box"
139,filter27$\longleftrightarrow$filter199,5193,M0942_1.02,0.016819499999999998,M1668_1.02,0.048857300000000006,180.0,384.0,280.0,1246.0,1.8950238163904684e-09,4.265732909768543e-08,IRX4,PRKRIR,IRX4$\longleftrightarrow$PRKRIR,Homeodomain,THAP finger,Homeodomain$\longleftrightarrow$THAP finger
140,filter30$\longleftrightarrow$filter57,5561,M0632_1.02,0.000285059,M1528_1.02,0.044497800000000004,54.0,144.0,506.0,1101.0,0.005332535067978496,0.038614306884171785,DMRTA2,RFX7,DMRTA2$\longleftrightarrow$RFX7,DM,RFX,DM$\longleftrightarrow$RFX
141,filter30$\longleftrightarrow$filter61,5565,M0632_1.02,0.000285059,M4850_1.02,0.00399753,486.0,120.0,476.0,959.0,4.055242235734588e-05,0.00047273148944863835,DMRTA2,TCF15,DMRTA2$\longleftrightarrow$TCF15,DM,bHLH,DM$\longleftrightarrow$bHLH
142,filter30$\longleftrightarrow$filter62,5566,M0632_1.02,0.000285059,M0199_1.02,0.007157600000000001,150.0,102.0,866.0,1592.0,2.954716695922115e-09,6.425782243951273e-08,DMRTA2,HES2,DMRTA2$\longleftrightarrow$HES2,DM,bHLH,DM$\longleftrightarrow$bHLH
143,filter30$\longleftrightarrow$filter78,5582,M0632_1.02,0.000285059,M0408_1.02,0.00396541,330.0,270.0,591.0,809.0,3.7377678717753296e-05,0.0004375167228262194,DMRTA2,ZKSCAN1,DMRTA2$\longleftrightarrow$ZKSCAN1,DM,C2H2 ZF,C2H2 ZF$\longleftrightarrow$DM
144,filter30$\longleftrightarrow$filter84,5588,M0632_1.02,0.000285059,M6257_1.02,0.0136718,354.0,414.0,798.0,1048.0,7.554692882355702e-18,3.440064843615472e-16,DMRTA2,GATA5,DMRTA2$\longleftrightarrow$GATA5,DM,GATA,DM$\longleftrightarrow$GATA
145,filter30$\longleftrightarrow$filter86,5590,M0632_1.02,0.000285059,M0404_1.02,0.010442100000000001,144.0,306.0,587.0,1018.0,2.688587365211522e-05,0.00032229036132737403,DMRTA2,ZNF202,ZNF202$\longleftrightarrow$DMRTA2,DM,C2H2 ZF,C2H2 ZF$\longleftrightarrow$DM
146,filter30$\longleftrightarrow$filter90,5594,M0632_1.02,0.000285059,M0404_1.02,0.00979919,426.0,474.0,434.0,965.0,0.0004016137964859361,0.003801956677580229,DMRTA2,ZNF202,ZNF202$\longleftrightarrow$DMRTA2,DM,C2H2 ZF,C2H2 ZF$\longleftrightarrow$DM
147,filter30$\longleftrightarrow$filter96,5600,M0632_1.02,0.000285059,M0756_1.02,0.0341843,96.0,204.0,924.0,1726.0,0.00041923091456296576,0.003948071920912662,DMRTA2,FOXN3,DMRTA2$\longleftrightarrow$FOXN3,DM,Forkhead,DM$\longleftrightarrow$Forkhead
148,filter30$\longleftrightarrow$filter108,5612,M0632_1.02,0.000285059,M6461_1.02,0.0283823,408.0,450.0,832.0,1797.0,0.00011835466979919306,0.0012703018200292033,DMRTA2,RXRB,DMRTA2$\longleftrightarrow$RXRB,DM,Nuclear receptor,DM$\longleftrightarrow$Nuclear receptor
149,filter30$\longleftrightarrow$filter129,5633,M0632_1.02,0.000285059,M6257_1.02,0.017952700000000002,192.0,864.0,743.0,1279.0,1.103575514853449e-08,2.2294466162506376e-07,DMRTA2,GATA5,DMRTA2$\longleftrightarrow$GATA5,DM,GATA,DM$\longleftrightarrow$GATA
150,filter30$\longleftrightarrow$filter133,5637,M0632_1.02,0.000285059,M5502_1.02,0.0139477,414.0,672.0,597.0,1186.0,0.004115842222253159,0.030697580352554574,DMRTA2,GSX1,DMRTA2$\longleftrightarrow$GSX1,DM,Homeodomain,Homeodomain$\longleftrightarrow$DM
151,filter30$\longleftrightarrow$filter143,5647,M0632_1.02,0.000285059,M0607_1.02,0.00131189,162.0,468.0,1050.0,2031.0,6.233412042361096e-09,1.3001956627981493e-07,DMRTA2,KDM2B,DMRTA2$\longleftrightarrow$KDM2B,DM,CxxC,DM$\longleftrightarrow$CxxC
152,filter30$\longleftrightarrow$filter153,5657,M0632_1.02,0.000285059,M1007_1.02,0.0153505,270.0,216.0,833.0,1637.0,1.9314415232301847e-07,3.3047080714322837e-06,DMRTA2,HOXA11,DMRTA2$\longleftrightarrow$HOXA11,DM,Homeodomain,Homeodomain$\longleftrightarrow$DM
153,filter30$\longleftrightarrow$filter159,5663,M0632_1.02,0.000285059,M1605_1.02,0.00383922,222.0,474.0,662.0,1099.0,0.004377877339668736,0.03242105738074738,DMRTA2,SOX1,DMRTA2$\longleftrightarrow$SOX1,DM,Sox,DM$\longleftrightarrow$Sox
154,filter30$\longleftrightarrow$filter160,5664,M0632_1.02,0.000285059,M1110_1.02,0.0410347,96.0,372.0,831.0,1589.0,0.003632579014010817,0.027453357310976544,DMRTA2,HHEX,DMRTA2$\longleftrightarrow$HHEX,DM,Homeodomain,Homeodomain$\longleftrightarrow$DM
155,filter30$\longleftrightarrow$filter167,5671,M0632_1.02,0.000285059,M1605_1.02,0.036521899999999996,102.0,546.0,806.0,1433.0,1.8769794343234994e-09,4.234695438050263e-08,DMRTA2,SOX1,DMRTA2$\longleftrightarrow$SOX1,DM,Sox,DM$\longleftrightarrow$Sox
156,filter30$\longleftrightarrow$filter171,5675,M0632_1.02,0.000285059,M1605_1.02,0.00593429,18.0,288.0,853.0,1557.0,5.297228137989216e-08,9.88832483281871e-07,DMRTA2,SOX1,DMRTA2$\longleftrightarrow$SOX1,DM,Sox,DM$\longleftrightarrow$Sox
157,filter30$\longleftrightarrow$filter196,5700,M0632_1.02,0.000285059,M0891_1.02,0.00909911,564.0,198.0,505.0,718.0,0.0034472284293838936,0.026231892358053573,DMRTA2,TLX2,DMRTA2$\longleftrightarrow$TLX2,DM,Homeodomain,Homeodomain$\longleftrightarrow$DM
158,filter30$\longleftrightarrow$filter199,5703,M0632_1.02,0.000285059,M1668_1.02,0.048857300000000006,450.0,330.0,769.0,1227.0,2.316673036110673e-06,3.304621988929483e-05,DMRTA2,PRKRIR,DMRTA2$\longleftrightarrow$PRKRIR,DM,THAP finger,DM$\longleftrightarrow$THAP finger
159,filter33$\longleftrightarrow$filter84,6089,M0404_1.02,0.00558219,M6257_1.02,0.0136718,354.0,642.0,287.0,825.0,0.0004376339402555367,0.004109711079351073,ZNF202,GATA5,ZNF202$\longleftrightarrow$GATA5,C2H2 ZF,GATA,C2H2 ZF$\longleftrightarrow$GATA
160,filter33$\longleftrightarrow$filter129,6134,M0404_1.02,0.00558219,M6257_1.02,0.017952700000000002,180.0,324.0,261.0,736.0,0.0024031136747407087,0.018945942556919712,ZNF202,GATA5,ZNF202$\longleftrightarrow$GATA5,C2H2 ZF,GATA,C2H2 ZF$\longleftrightarrow$GATA
161,filter35$\longleftrightarrow$filter84,6418,M1049_1.02,0.0369812,M6257_1.02,0.0136718,462.0,264.0,771.0,1275.0,0.0011359246196370972,0.009772487681002421,SIX4,GATA5,SIX4$\longleftrightarrow$GATA5,Homeodomain,GATA,Homeodomain$\longleftrightarrow$GATA
162,filter40$\longleftrightarrow$filter84,7223,M0404_1.02,0.00794002,M6257_1.02,0.0136718,420.0,480.0,644.0,1584.0,2.833644874815637e-09,6.175980215110228e-08,ZNF202,GATA5,ZNF202$\longleftrightarrow$GATA5,C2H2 ZF,GATA,C2H2 ZF$\longleftrightarrow$GATA
163,filter41$\longleftrightarrow$filter61,7358,M0408_1.02,0.00144686,M4850_1.02,0.00399753,312.0,324.0,457.0,1294.0,0.00019639220211334932,0.002009258832829583,ZKSCAN1,TCF15,ZKSCAN1$\longleftrightarrow$TCF15,C2H2 ZF,bHLH,C2H2 ZF$\longleftrightarrow$bHLH
164,filter41$\longleftrightarrow$filter84,7381,M0408_1.02,0.00144686,M6257_1.02,0.0136718,330.0,174.0,763.0,1298.0,1.1935331222923765e-07,2.12433949914991e-06,ZKSCAN1,GATA5,ZKSCAN1$\longleftrightarrow$GATA5,C2H2 ZF,GATA,C2H2 ZF$\longleftrightarrow$GATA
165,filter41$\longleftrightarrow$filter129,7426,M0408_1.02,0.00144686,M6257_1.02,0.017952700000000002,162.0,414.0,704.0,1403.0,0.0008487657643372031,0.007489840330175613,ZKSCAN1,GATA5,ZKSCAN1$\longleftrightarrow$GATA5,C2H2 ZF,GATA,C2H2 ZF$\longleftrightarrow$GATA
166,filter41$\longleftrightarrow$filter143,7440,M0408_1.02,0.00144686,M0607_1.02,0.00131189,450.0,636.0,1020.0,2834.0,0.0051363372449202025,0.037315799502251584,ZKSCAN1,KDM2B,ZKSCAN1$\longleftrightarrow$KDM2B,C2H2 ZF,CxxC,C2H2 ZF$\longleftrightarrow$CxxC
167,filter41$\longleftrightarrow$filter153,7450,M0408_1.02,0.00144686,M1007_1.02,0.0153505,42.0,444.0,780.0,2226.0,0.00020115961397027617,0.002052756491484372,ZKSCAN1,HOXA11,ZKSCAN1$\longleftrightarrow$HOXA11,C2H2 ZF,Homeodomain,Homeodomain$\longleftrightarrow$C2H2 ZF
168,filter41$\longleftrightarrow$filter167,7464,M0408_1.02,0.00144686,M1605_1.02,0.036521899999999996,342.0,306.0,761.0,1979.0,0.0008794754102657631,0.007729982857278455,ZKSCAN1,SOX1,ZKSCAN1$\longleftrightarrow$SOX1,C2H2 ZF,Sox,C2H2 ZF$\longleftrightarrow$Sox
169,filter47$\longleftrightarrow$filter84,8308,M0607_1.02,0.0005895869999999999,M6257_1.02,0.0136718,438.0,348.0,640.0,719.0,0.0015783704688339545,0.013086664149719523,KDM2B,GATA5,KDM2B$\longleftrightarrow$GATA5,CxxC,GATA,CxxC$\longleftrightarrow$GATA
170,filter51$\longleftrightarrow$filter84,8906,M1605_1.02,0.0009314389999999999,M6257_1.02,0.0136718,234.0,96.0,908.0,2272.0,1.9280094653107826e-05,0.00023711656582335762,SOX1,GATA5,SOX1$\longleftrightarrow$GATA5,Sox,GATA,Sox$\longleftrightarrow$GATA
171,filter54$\longleftrightarrow$filter84,9344,M6547_1.02,0.0407065,M6257_1.02,0.0136718,12.0,162.0,667.0,1714.0,9.782395019204433e-06,0.00012656689108397207,ZFX,GATA5,ZFX$\longleftrightarrow$GATA5,C2H2 ZF,GATA,C2H2 ZF$\longleftrightarrow$GATA
172,filter57$\longleftrightarrow$filter61,9750,M1528_1.02,0.044497800000000004,M4850_1.02,0.00399753,186.0,354.0,350.0,1028.0,0.001420446539703249,0.011936429769237731,RFX7,TCF15,RFX7$\longleftrightarrow$TCF15,RFX,bHLH,RFX$\longleftrightarrow$bHLH
173,filter57$\longleftrightarrow$filter62,9751,M1528_1.02,0.044497800000000004,M0199_1.02,0.007157600000000001,282.0,414.0,639.0,1516.0,9.363945379046636e-07,1.4267469303035907e-05,RFX7,HES2,RFX7$\longleftrightarrow$HES2,RFX,bHLH,RFX$\longleftrightarrow$bHLH
174,filter57$\longleftrightarrow$filter78,9767,M1528_1.02,0.044497800000000004,M0408_1.02,0.00396541,288.0,324.0,428.0,888.0,0.00010487104734463541,0.0011372364965182016,RFX7,ZKSCAN1,RFX7$\longleftrightarrow$ZKSCAN1,RFX,C2H2 ZF,RFX$\longleftrightarrow$C2H2 ZF
175,filter57$\longleftrightarrow$filter84,9773,M1528_1.02,0.044497800000000004,M6257_1.02,0.0136718,432.0,84.0,571.0,1089.0,2.809035373032536e-11,7.861686510229693e-10,RFX7,GATA5,RFX7$\longleftrightarrow$GATA5,RFX,GATA,RFX$\longleftrightarrow$GATA
176,filter57$\longleftrightarrow$filter86,9775,M1528_1.02,0.044497800000000004,M0404_1.02,0.010442100000000001,396.0,234.0,441.0,1198.0,0.0018163733255006926,0.014782827322755944,RFX7,ZNF202,RFX7$\longleftrightarrow$ZNF202,RFX,C2H2 ZF,RFX$\longleftrightarrow$C2H2 ZF
177,filter57$\longleftrightarrow$filter96,9785,M1528_1.02,0.044497800000000004,M0756_1.02,0.0341843,216.0,174.0,671.0,1907.0,0.00037075824717782514,0.003548686080130612,RFX7,FOXN3,RFX7$\longleftrightarrow$FOXN3,RFX,Forkhead,RFX$\longleftrightarrow$Forkhead
178,filter57$\longleftrightarrow$filter108,9797,M1528_1.02,0.044497800000000004,M6461_1.02,0.0283823,408.0,174.0,603.0,1961.0,0.0006530826388278398,0.005895429622086859,RFX7,RXRB,RFX7$\longleftrightarrow$RXRB,RFX,Nuclear receptor,RFX$\longleftrightarrow$Nuclear receptor
179,filter57$\longleftrightarrow$filter129,9818,M1528_1.02,0.044497800000000004,M6257_1.02,0.017952700000000002,300.0,132.0,546.0,1287.0,0.00020843705886987519,0.0021204954163863217,RFX7,GATA5,RFX7$\longleftrightarrow$GATA5,RFX,GATA,RFX$\longleftrightarrow$GATA
180,filter57$\longleftrightarrow$filter143,9832,M1528_1.02,0.044497800000000004,M0607_1.02,0.00131189,258.0,318.0,787.0,2223.0,1.586886785966898e-07,2.75545027521425e-06,RFX7,KDM2B,RFX7$\longleftrightarrow$KDM2B,RFX,CxxC,RFX$\longleftrightarrow$CxxC
181,filter57$\longleftrightarrow$filter153,9842,M1528_1.02,0.044497800000000004,M1007_1.02,0.0153505,114.0,492.0,627.0,1821.0,0.00018482061984718468,0.001902610198830382,RFX7,HOXA11,RFX7$\longleftrightarrow$HOXA11,RFX,Homeodomain,Homeodomain$\longleftrightarrow$RFX
182,filter57$\longleftrightarrow$filter159,9848,M1528_1.02,0.044497800000000004,M1605_1.02,0.00383922,390.0,366.0,501.0,1179.0,0.003025125677965209,0.023260037042438057,RFX7,SOX1,RFX7$\longleftrightarrow$SOX1,RFX,Sox,RFX$\longleftrightarrow$Sox
183,filter57$\longleftrightarrow$filter167,9856,M1528_1.02,0.044497800000000004,M1605_1.02,0.036521899999999996,102.0,48.0,606.0,1592.0,1.0583478981709476e-07,1.8938907217359432e-06,RFX7,SOX1,RFX7$\longleftrightarrow$SOX1,RFX,Sox,RFX$\longleftrightarrow$Sox
184,filter57$\longleftrightarrow$filter171,9860,M1528_1.02,0.044497800000000004,M1605_1.02,0.00593429,372.0,354.0,620.0,1461.0,4.789419995665334e-05,0.0005515316463758363,RFX7,SOX1,RFX7$\longleftrightarrow$SOX1,RFX,Sox,RFX$\longleftrightarrow$Sox
185,filter57$\longleftrightarrow$filter175,9864,M1528_1.02,0.044497800000000004,M0607_1.02,0.00325007,252.0,294.0,294.0,761.0,0.00262302797054027,0.020444823182836202,RFX7,KDM2B,RFX7$\longleftrightarrow$KDM2B,RFX,CxxC,RFX$\longleftrightarrow$CxxC
186,filter57$\longleftrightarrow$filter189,9878,M1528_1.02,0.044497800000000004,M0408_1.02,0.00263428,426.0,276.0,183.0,520.0,0.0014664889090289905,0.012266280245951609,RFX7,ZKSCAN1,RFX7$\longleftrightarrow$ZKSCAN1,RFX,C2H2 ZF,RFX$\longleftrightarrow$C2H2 ZF
187,filter57$\longleftrightarrow$filter199,9888,M1528_1.02,0.044497800000000004,M1668_1.02,0.048857300000000006,426.0,360.0,574.0,1392.0,2.4703995136545136e-07,4.141405216698497e-06,RFX7,PRKRIR,RFX7$\longleftrightarrow$PRKRIR,RFX,THAP finger,RFX$\longleftrightarrow$THAP finger
188,filter61$\longleftrightarrow$filter62,10309,M4850_1.02,0.00399753,M0199_1.02,0.007157600000000001,354.0,264.0,575.0,1389.0,2.5978524271266244e-10,6.518873322495927e-09,TCF15,HES2,TCF15$\longleftrightarrow$HES2,bHLH,bHLH,bHLH$\longleftrightarrow$bHLH
189,filter61$\longleftrightarrow$filter78,10325,M4850_1.02,0.00399753,M0408_1.02,0.00396541,6.0,198.0,406.0,901.0,2.710599967371127e-07,4.525019190496482e-06,TCF15,ZKSCAN1,ZKSCAN1$\longleftrightarrow$TCF15,bHLH,C2H2 ZF,C2H2 ZF$\longleftrightarrow$bHLH
190,filter61$\longleftrightarrow$filter84,10331,M4850_1.02,0.00399753,M6257_1.02,0.0136718,288.0,18.0,549.0,1067.0,7.199331298305888e-16,2.8941311819189665e-14,TCF15,GATA5,TCF15$\longleftrightarrow$GATA5,bHLH,GATA,bHLH$\longleftrightarrow$GATA
191,filter61$\longleftrightarrow$filter86,10333,M4850_1.02,0.00399753,M0404_1.02,0.010442100000000001,498.0,426.0,418.0,1251.0,7.675219790653693e-05,0.0008503852929522152,TCF15,ZNF202,ZNF202$\longleftrightarrow$TCF15,bHLH,C2H2 ZF,C2H2 ZF$\longleftrightarrow$bHLH
192,filter61$\longleftrightarrow$filter96,10343,M4850_1.02,0.00399753,M0756_1.02,0.0341843,294.0,294.0,645.0,2010.0,9.576120146153528e-09,1.9424588663436197e-07,TCF15,FOXN3,TCF15$\longleftrightarrow$FOXN3,bHLH,Forkhead,bHLH$\longleftrightarrow$Forkhead
193,filter61$\longleftrightarrow$filter104,10351,M4850_1.02,0.00399753,M0632_1.02,0.0239745,702.0,462.0,384.0,773.0,0.0006277355168099387,0.005685620868912595,TCF15,DMRTA2,DMRTA2$\longleftrightarrow$TCF15,bHLH,DM,DM$\longleftrightarrow$bHLH
194,filter61$\longleftrightarrow$filter108,10355,M4850_1.02,0.00399753,M6461_1.02,0.0283823,126.0,276.0,572.0,1895.0,0.0003964894447719802,0.0037608866049200274,TCF15,RXRB,TCF15$\longleftrightarrow$RXRB,bHLH,Nuclear receptor,bHLH$\longleftrightarrow$Nuclear receptor
195,filter61$\longleftrightarrow$filter129,10376,M4850_1.02,0.00399753,M6257_1.02,0.017952700000000002,24.0,462.0,499.0,1074.0,4.674888284611166e-07,7.496019498426881e-06,TCF15,GATA5,TCF15$\longleftrightarrow$GATA5,bHLH,GATA,bHLH$\longleftrightarrow$GATA
196,filter61$\longleftrightarrow$filter133,10380,M4850_1.02,0.00399753,M5502_1.02,0.0139477,486.0,294.0,413.0,1089.0,2.2149607496507786e-06,3.173182430331234e-05,TCF15,GSX1,TCF15$\longleftrightarrow$GSX1,bHLH,Homeodomain,Homeodomain$\longleftrightarrow$bHLH
197,filter61$\longleftrightarrow$filter143,10390,M4850_1.02,0.00399753,M0607_1.02,0.00131189,18.0,234.0,737.0,2237.0,3.2227662353164035e-11,8.969206337980574e-10,TCF15,KDM2B,TCF15$\longleftrightarrow$KDM2B,bHLH,CxxC,bHLH$\longleftrightarrow$CxxC
198,filter61$\longleftrightarrow$filter153,10400,M4850_1.02,0.00399753,M1007_1.02,0.0153505,216.0,318.0,586.0,1744.0,6.149242676466186e-06,8.179397060093626e-05,TCF15,HOXA11,TCF15$\longleftrightarrow$HOXA11,bHLH,Homeodomain,Homeodomain$\longleftrightarrow$bHLH
199,filter61$\longleftrightarrow$filter159,10406,M4850_1.02,0.00399753,M1605_1.02,0.00383922,528.0,426.0,461.0,1135.0,0.0032317786393629678,0.02471528176198451,TCF15,SOX1,TCF15$\longleftrightarrow$SOX1,bHLH,Sox,bHLH$\longleftrightarrow$Sox
200,filter61$\longleftrightarrow$filter160,10407,M4850_1.02,0.00399753,M1110_1.02,0.0410347,120.0,162.0,547.0,1461.0,0.0007953067622932759,0.007053378851865706,TCF15,HHEX,TCF15$\longleftrightarrow$HHEX,bHLH,Homeodomain,Homeodomain$\longleftrightarrow$bHLH
201,filter61$\longleftrightarrow$filter167,10414,M4850_1.02,0.00399753,M1605_1.02,0.036521899999999996,108.0,306.0,533.0,1552.0,1.3171740206438551e-10,3.412818468332301e-09,TCF15,SOX1,TCF15$\longleftrightarrow$SOX1,bHLH,Sox,bHLH$\longleftrightarrow$Sox
202,filter61$\longleftrightarrow$filter171,10418,M4850_1.02,0.00399753,M1605_1.02,0.00593429,762.0,456.0,560.0,1257.0,4.5079769593543447e-10,1.1006654418919278e-08,TCF15,SOX1,TCF15$\longleftrightarrow$SOX1,bHLH,Sox,bHLH$\longleftrightarrow$Sox
203,filter61$\longleftrightarrow$filter199,10446,M4850_1.02,0.00399753,M1668_1.02,0.048857300000000006,558.0,480.0,521.0,1312.0,1.4177147681697862e-07,2.4899475879797507e-06,TCF15,PRKRIR,TCF15$\longleftrightarrow$PRKRIR,bHLH,THAP finger,bHLH$\longleftrightarrow$THAP finger
204,filter62$\longleftrightarrow$filter63,10447,M0199_1.02,0.007157600000000001,M4850_1.02,0.0251043,528.0,66.0,914.0,1546.0,0.0018539545170433078,0.015057894259038687,HES2,TCF15,TCF15$\longleftrightarrow$HES2,bHLH,bHLH,bHLH$\longleftrightarrow$bHLH
205,filter62$\longleftrightarrow$filter78,10462,M0199_1.02,0.007157600000000001,M0408_1.02,0.00396541,228.0,342.0,710.0,1208.0,2.0194510114022922e-09,4.5253441076457455e-08,HES2,ZKSCAN1,HES2$\longleftrightarrow$ZKSCAN1,bHLH,C2H2 ZF,C2H2 ZF$\longleftrightarrow$bHLH
206,filter62$\longleftrightarrow$filter84,10468,M0199_1.02,0.007157600000000001,M6257_1.02,0.0136718,336.0,258.0,964.0,1516.0,1.6398149116701466e-25,1.032616358459628e-23,HES2,GATA5,HES2$\longleftrightarrow$GATA5,bHLH,GATA,bHLH$\longleftrightarrow$GATA
207,filter62$\longleftrightarrow$filter86,10470,M0199_1.02,0.007157600000000001,M0404_1.02,0.010442100000000001,336.0,360.0,709.0,1510.0,8.959894556138967e-06,0.00011683679015243074,HES2,ZNF202,ZNF202$\longleftrightarrow$HES2,bHLH,C2H2 ZF,C2H2 ZF$\longleftrightarrow$bHLH
208,filter62$\longleftrightarrow$filter90,10474,M0199_1.02,0.007157600000000001,M0404_1.02,0.00979919,336.0,12.0,526.0,1385.0,0.00010270262924079716,0.0011162969186767242,HES2,ZNF202,ZNF202$\longleftrightarrow$HES2,bHLH,C2H2 ZF,C2H2 ZF$\longleftrightarrow$bHLH
209,filter62$\longleftrightarrow$filter96,10480,M0199_1.02,0.007157600000000001,M0756_1.02,0.0341843,264.0,336.0,1120.0,2571.0,9.749283453370914e-07,1.4775399195630445e-05,HES2,FOXN3,HES2$\longleftrightarrow$FOXN3,bHLH,Forkhead,bHLH$\longleftrightarrow$Forkhead
210,filter62$\longleftrightarrow$filter104,10488,M0199_1.02,0.007157600000000001,M0632_1.02,0.0239745,228.0,204.0,682.0,1212.0,0.0002807357677416078,0.0027806675173172,HES2,DMRTA2,DMRTA2$\longleftrightarrow$HES2,bHLH,DM,DM$\longleftrightarrow$bHLH
211,filter62$\longleftrightarrow$filter108,10492,M0199_1.02,0.007157600000000001,M6461_1.02,0.0283823,48.0,270.0,1000.0,2673.0,0.000720026508114483,0.0064423594806520225,HES2,RXRB,HES2$\longleftrightarrow$RXRB,bHLH,Nuclear receptor,bHLH$\longleftrightarrow$Nuclear receptor
212,filter62$\longleftrightarrow$filter129,10513,M0199_1.02,0.007157600000000001,M6257_1.02,0.017952700000000002,408.0,312.0,892.0,1828.0,7.185823440139341e-12,2.1830641318371408e-10,HES2,GATA5,HES2$\longleftrightarrow$GATA5,bHLH,GATA,bHLH$\longleftrightarrow$GATA
213,filter62$\longleftrightarrow$filter133,10517,M0199_1.02,0.007157600000000001,M5502_1.02,0.0139477,498.0,324.0,736.0,1740.0,0.00030584174769844244,0.002993578424717809,HES2,GSX1,HES2$\longleftrightarrow$GSX1,bHLH,Homeodomain,Homeodomain$\longleftrightarrow$bHLH
214,filter62$\longleftrightarrow$filter143,10527,M0199_1.02,0.007157600000000001,M0607_1.02,0.00131189,306.0,468.0,1282.0,2962.0,2.3139126937629057e-11,6.531141658608237e-10,HES2,KDM2B,HES2$\longleftrightarrow$KDM2B,bHLH,CxxC,bHLH$\longleftrightarrow$CxxC
215,filter62$\longleftrightarrow$filter153,10537,M0199_1.02,0.007157600000000001,M1007_1.02,0.0153505,438.0,168.0,1004.0,2391.0,5.598340160482343e-10,1.35360110392999e-08,HES2,HOXA11,HES2$\longleftrightarrow$HOXA11,bHLH,Homeodomain,Homeodomain$\longleftrightarrow$bHLH
216,filter62$\longleftrightarrow$filter159,10543,M0199_1.02,0.007157600000000001,M1605_1.02,0.00383922,6.0,282.0,820.0,1669.0,0.00036354988891259513,0.0034897632607196,HES2,SOX1,HES2$\longleftrightarrow$SOX1,bHLH,Sox,bHLH$\longleftrightarrow$Sox
217,filter62$\longleftrightarrow$filter160,10544,M0199_1.02,0.007157600000000001,M1110_1.02,0.0410347,306.0,522.0,997.0,2317.0,0.0032941877646141195,0.025163547918639683,HES2,HHEX,HES2$\longleftrightarrow$HHEX,bHLH,Homeodomain,Homeodomain$\longleftrightarrow$bHLH
218,filter62$\longleftrightarrow$filter167,10551,M0199_1.02,0.007157600000000001,M1605_1.02,0.036521899999999996,450.0,438.0,953.0,2050.0,1.1697856732521125e-14,4.350946749914725e-13,HES2,SOX1,HES2$\longleftrightarrow$SOX1,bHLH,Sox,bHLH$\longleftrightarrow$Sox
219,filter62$\longleftrightarrow$filter171,10555,M0199_1.02,0.007157600000000001,M1605_1.02,0.00593429,330.0,114.0,1035.0,2182.0,5.155071409042336e-08,9.641049433132843e-07,HES2,SOX1,HES2$\longleftrightarrow$SOX1,bHLH,Sox,bHLH$\longleftrightarrow$Sox
220,filter62$\longleftrightarrow$filter175,10559,M0199_1.02,0.007157600000000001,M0607_1.02,0.00325007,348.0,390.0,496.0,1041.0,0.0069788578975888286,0.04912355617407857,HES2,KDM2B,HES2$\longleftrightarrow$KDM2B,bHLH,CxxC,bHLH$\longleftrightarrow$CxxC
221,filter62$\longleftrightarrow$filter199,10583,M0199_1.02,0.007157600000000001,M1668_1.02,0.048857300000000006,72.0,144.0,911.0,1792.0,3.974800899628986e-09,8.523121023891938e-08,HES2,PRKRIR,HES2$\longleftrightarrow$PRKRIR,bHLH,THAP finger,bHLH$\longleftrightarrow$THAP finger
222,filter63$\longleftrightarrow$filter78,10598,M4850_1.02,0.0251043,M0408_1.02,0.00396541,432.0,282.0,649.0,1149.0,0.004226172333026618,0.03141449505225875,TCF15,ZKSCAN1,ZKSCAN1$\longleftrightarrow$TCF15,bHLH,C2H2 ZF,C2H2 ZF$\longleftrightarrow$bHLH
223,filter63$\longleftrightarrow$filter84,10604,M4850_1.02,0.0251043,M6257_1.02,0.0136718,384.0,402.0,881.0,1242.0,2.4525337501320997e-12,7.932440565604751e-11,TCF15,GATA5,TCF15$\longleftrightarrow$GATA5,bHLH,GATA,bHLH$\longleftrightarrow$GATA
224,filter63$\longleftrightarrow$filter129,10649,M4850_1.02,0.0251043,M6257_1.02,0.017952700000000002,66.0,318.0,817.0,1113.0,1.6703526624888493e-07,2.8902910983361406e-06,TCF15,GATA5,TCF15$\longleftrightarrow$GATA5,bHLH,GATA,bHLH$\longleftrightarrow$GATA
225,filter63$\longleftrightarrow$filter153,10673,M4850_1.02,0.0251043,M1007_1.02,0.0153505,120.0,102.0,941.0,2215.0,0.001855125432892096,0.015061257033504616,TCF15,HOXA11,TCF15$\longleftrightarrow$HOXA11,bHLH,Homeodomain,Homeodomain$\longleftrightarrow$bHLH
226,filter63$\longleftrightarrow$filter167,10687,M4850_1.02,0.0251043,M1605_1.02,0.036521899999999996,444.0,306.0,934.0,2008.0,0.003079317689308039,0.023649302469911485,TCF15,SOX1,TCF15$\longleftrightarrow$SOX1,bHLH,Sox,bHLH$\longleftrightarrow$Sox
227,filter67$\longleftrightarrow$filter84,11138,M1668_1.02,0.00950468,M6257_1.02,0.0136718,348.0,162.0,554.0,1251.0,5.3507048034243364e-06,7.179690184638051e-05,PRKRIR,GATA5,PRKRIR$\longleftrightarrow$GATA5,THAP finger,GATA,THAP finger$\longleftrightarrow$GATA
228,filter74$\longleftrightarrow$filter84,12034,M1605_1.02,0.0179262,M6257_1.02,0.0136718,426.0,168.0,593.0,1449.0,0.0017267763144631456,0.014163694097898654,SOX1,GATA5,SOX1$\longleftrightarrow$GATA5,Sox,GATA,Sox$\longleftrightarrow$GATA
229,filter78$\longleftrightarrow$filter84,12524,M0408_1.02,0.00396541,M6257_1.02,0.0136718,474.0,162.0,672.0,916.0,5.5324604788258035e-18,2.536645877146421e-16,ZKSCAN1,GATA5,ZKSCAN1$\longleftrightarrow$GATA5,C2H2 ZF,GATA,C2H2 ZF$\longleftrightarrow$GATA
230,filter78$\longleftrightarrow$filter86,12526,M0408_1.02,0.00396541,M0404_1.02,0.010442100000000001,156.0,324.0,505.0,1029.0,8.348373982245791e-07,1.2828130800981393e-05,ZKSCAN1,ZNF202,ZKSCAN1$\longleftrightarrow$ZNF202,C2H2 ZF,C2H2 ZF,C2H2 ZF$\longleftrightarrow$C2H2 ZF
231,filter78$\longleftrightarrow$filter90,12530,M0408_1.02,0.00396541,M0404_1.02,0.00979919,144.0,444.0,374.0,1013.0,0.0011441372460492688,0.009838888098156612,ZKSCAN1,ZNF202,ZKSCAN1$\longleftrightarrow$ZNF202,C2H2 ZF,C2H2 ZF,C2H2 ZF$\longleftrightarrow$C2H2 ZF
232,filter78$\longleftrightarrow$filter96,12536,M0408_1.02,0.00396541,M0756_1.02,0.0341843,78.0,504.0,767.0,1727.0,1.228543520007362e-06,1.840872553059224e-05,ZKSCAN1,FOXN3,ZKSCAN1$\longleftrightarrow$FOXN3,C2H2 ZF,Forkhead,C2H2 ZF$\longleftrightarrow$Forkhead
233,filter78$\longleftrightarrow$filter100,12540,M0408_1.02,0.00396541,M0891_1.02,0.00972613,246.0,306.0,504.0,1437.0,0.0006260380023771808,0.005676285451318258,ZKSCAN1,TLX2,TLX2$\longleftrightarrow$ZKSCAN1,C2H2 ZF,Homeodomain,Homeodomain$\longleftrightarrow$C2H2 ZF
234,filter78$\longleftrightarrow$filter104,12544,M0408_1.02,0.00396541,M0632_1.02,0.0239745,444.0,276.0,471.0,600.0,0.0064284219809575775,0.04570173954950869,ZKSCAN1,DMRTA2,DMRTA2$\longleftrightarrow$ZKSCAN1,C2H2 ZF,DM,C2H2 ZF$\longleftrightarrow$DM
235,filter78$\longleftrightarrow$filter108,12548,M0408_1.02,0.00396541,M6461_1.02,0.0283823,156.0,408.0,674.0,1646.0,7.65573826087751e-05,0.0008486993629704822,ZKSCAN1,RXRB,ZKSCAN1$\longleftrightarrow$RXRB,C2H2 ZF,Nuclear receptor,C2H2 ZF$\longleftrightarrow$Nuclear receptor
236,filter78$\longleftrightarrow$filter129,12569,M0408_1.02,0.00396541,M6257_1.02,0.017952700000000002,228.0,294.0,617.0,957.0,3.426342924735925e-09,7.394880461965313e-08,ZKSCAN1,GATA5,ZKSCAN1$\longleftrightarrow$GATA5,C2H2 ZF,GATA,C2H2 ZF$\longleftrightarrow$GATA
237,filter78$\longleftrightarrow$filter133,12573,M0408_1.02,0.00396541,M5502_1.02,0.0139477,156.0,474.0,498.0,937.0,0.0004882972762339467,0.004532009095046318,ZKSCAN1,GSX1,ZKSCAN1$\longleftrightarrow$GSX1,C2H2 ZF,Homeodomain,Homeodomain$\longleftrightarrow$C2H2 ZF
238,filter78$\longleftrightarrow$filter143,12583,M0408_1.02,0.00396541,M0607_1.02,0.00131189,348.0,342.0,880.0,1990.0,1.563869568435345e-14,5.741594195995373e-13,ZKSCAN1,KDM2B,ZKSCAN1$\longleftrightarrow$KDM2B,C2H2 ZF,CxxC,C2H2 ZF$\longleftrightarrow$CxxC
239,filter78$\longleftrightarrow$filter148,12588,M0408_1.02,0.00396541,M0404_1.02,3.03573e-05,360.0,138.0,333.0,1178.0,9.523119638162367e-06,0.00012353360996075158,ZKSCAN1,ZNF202,ZKSCAN1$\longleftrightarrow$ZNF202,C2H2 ZF,C2H2 ZF,C2H2 ZF$\longleftrightarrow$C2H2 ZF
240,filter78$\longleftrightarrow$filter153,12593,M0408_1.02,0.00396541,M1007_1.02,0.0153505,378.0,366.0,697.0,1498.0,2.636414358046524e-12,8.461614404962543e-11,ZKSCAN1,HOXA11,ZKSCAN1$\longleftrightarrow$HOXA11,C2H2 ZF,Homeodomain,Homeodomain$\longleftrightarrow$C2H2 ZF
241,filter78$\longleftrightarrow$filter159,12599,M0408_1.02,0.00396541,M1605_1.02,0.00383922,324.0,6.0,572.0,1018.0,4.4602135727607536e-05,0.0005157105745750508,ZKSCAN1,SOX1,ZKSCAN1$\longleftrightarrow$SOX1,C2H2 ZF,Sox,C2H2 ZF$\longleftrightarrow$Sox
242,filter78$\longleftrightarrow$filter160,12600,M0408_1.02,0.00396541,M1110_1.02,0.0410347,318.0,288.0,702.0,1305.0,1.8247611732070354e-05,0.00022497473720970752,ZKSCAN1,HHEX,ZKSCAN1$\longleftrightarrow$HHEX,C2H2 ZF,Homeodomain,Homeodomain$\longleftrightarrow$C2H2 ZF
243,filter78$\longleftrightarrow$filter166,12606,M0408_1.02,0.00396541,M1605_1.02,0.0250776,138.0,228.0,524.0,1147.0,0.0028038852390949442,0.0217607302545828,ZKSCAN1,SOX1,ZKSCAN1$\longleftrightarrow$SOX1,C2H2 ZF,Sox,C2H2 ZF$\longleftrightarrow$Sox
244,filter78$\longleftrightarrow$filter167,12607,M0408_1.02,0.00396541,M1605_1.02,0.036521899999999996,102.0,48.0,678.0,1340.0,6.46706348275201e-11,1.7508584522895549e-09,ZKSCAN1,SOX1,ZKSCAN1$\longleftrightarrow$SOX1,C2H2 ZF,Sox,C2H2 ZF$\longleftrightarrow$Sox
245,filter78$\longleftrightarrow$filter171,12611,M0408_1.02,0.00396541,M1605_1.02,0.00593429,318.0,222.0,694.0,1088.0,8.473211386422915e-11,2.260166667271174e-09,ZKSCAN1,SOX1,ZKSCAN1$\longleftrightarrow$SOX1,C2H2 ZF,Sox,C2H2 ZF$\longleftrightarrow$Sox
246,filter78$\longleftrightarrow$filter196,12636,M0408_1.02,0.00396541,M0891_1.02,0.00909911,42.0,78.0,433.0,719.0,2.325120008761657e-05,0.00028160415736061,ZKSCAN1,TLX2,TLX2$\longleftrightarrow$ZKSCAN1,C2H2 ZF,Homeodomain,Homeodomain$\longleftrightarrow$C2H2 ZF
247,filter78$\longleftrightarrow$filter199,12639,M0408_1.02,0.00396541,M1668_1.02,0.048857300000000006,480.0,252.0,636.0,1147.0,1.5046038845813957e-07,2.626325675375894e-06,ZKSCAN1,PRKRIR,ZKSCAN1$\longleftrightarrow$PRKRIR,C2H2 ZF,THAP finger,C2H2 ZF$\longleftrightarrow$THAP finger
248,filter84$\longleftrightarrow$filter86,13231,M6257_1.02,0.0136718,M0404_1.02,0.010442100000000001,84.0,438.0,675.0,1153.0,7.571129150973062e-12,2.2861593167710616e-10,GATA5,ZNF202,ZNF202$\longleftrightarrow$GATA5,GATA,C2H2 ZF,C2H2 ZF$\longleftrightarrow$GATA
249,filter84$\longleftrightarrow$filter89,13234,M6257_1.02,0.0136718,M6445_1.02,0.0336534,360.0,132.0,753.0,1405.0,5.621673637654995e-07,8.885280676385763e-06,GATA5,RARB,GATA5$\longleftrightarrow$RARB,GATA,Nuclear receptor,GATA$\longleftrightarrow$Nuclear receptor
250,filter84$\longleftrightarrow$filter90,13235,M6257_1.02,0.0136718,M0404_1.02,0.00979919,156.0,378.0,495.0,1091.0,5.8352789548936975e-09,1.224854598348415e-07,GATA5,ZNF202,ZNF202$\longleftrightarrow$GATA5,GATA,C2H2 ZF,C2H2 ZF$\longleftrightarrow$GATA
251,filter84$\longleftrightarrow$filter91,13236,M6257_1.02,0.0136718,M6445_1.02,0.00626324,426.0,120.0,700.0,895.0,3.058513591930278e-08,5.868983796125421e-07,GATA5,RARB,GATA5$\longleftrightarrow$RARB,GATA,Nuclear receptor,GATA$\longleftrightarrow$Nuclear receptor
252,filter84$\longleftrightarrow$filter96,13241,M6257_1.02,0.0136718,M0756_1.02,0.0341843,318.0,264.0,1054.0,1951.0,1.4815361546976025e-19,7.539920189853601e-18,GATA5,FOXN3,GATA5$\longleftrightarrow$FOXN3,GATA,Forkhead,GATA$\longleftrightarrow$Forkhead
253,filter84$\longleftrightarrow$filter100,13245,M6257_1.02,0.0136718,M0891_1.02,0.00972613,198.0,474.0,664.0,1618.0,4.3353645500365465e-06,5.941420053800084e-05,GATA5,TLX2,TLX2$\longleftrightarrow$GATA5,GATA,Homeodomain,Homeodomain$\longleftrightarrow$GATA
254,filter84$\longleftrightarrow$filter104,13249,M6257_1.02,0.0136718,M0632_1.02,0.0239745,474.0,36.0,628.0,754.0,8.371238608288156e-08,1.5157350051531029e-06,GATA5,DMRTA2,DMRTA2$\longleftrightarrow$GATA5,GATA,DM,DM$\longleftrightarrow$GATA
255,filter84$\longleftrightarrow$filter108,13253,M6257_1.02,0.0136718,M6461_1.02,0.0283823,342.0,36.0,934.0,1965.0,2.3433172241913864e-16,9.79614904289588e-15,GATA5,RXRB,GATA5$\longleftrightarrow$RXRB,GATA,Nuclear receptor,GATA$\longleftrightarrow$Nuclear receptor
256,filter84$\longleftrightarrow$filter115,13260,M6257_1.02,0.0136718,M1605_1.02,0.0006724210000000001,156.0,366.0,774.0,1473.0,0.0007351798882332173,0.0065688592827738155,GATA5,SOX1,SOX1$\longleftrightarrow$GATA5,GATA,Sox,Sox$\longleftrightarrow$GATA
257,filter84$\longleftrightarrow$filter133,13278,M6257_1.02,0.0136718,M5502_1.02,0.0139477,210.0,204.0,697.0,1207.0,7.66443671258382e-15,2.8885345860550267e-13,GATA5,GSX1,GATA5$\longleftrightarrow$GSX1,GATA,Homeodomain,Homeodomain$\longleftrightarrow$GATA
258,filter84$\longleftrightarrow$filter136,13281,M6257_1.02,0.0136718,M0607_1.02,0.021556,390.0,636.0,539.0,1170.0,0.00014480096716649362,0.0015227235043728275,GATA5,KDM2B,KDM2B$\longleftrightarrow$GATA5,GATA,CxxC,CxxC$\longleftrightarrow$GATA
259,filter84$\longleftrightarrow$filter139,13284,M6257_1.02,0.0136718,M6446_1.02,0.0490665,258.0,210.0,614.0,1540.0,2.8081074111884288e-14,1.025294116976854e-12,GATA5,RARG,GATA5$\longleftrightarrow$RARG,GATA,Nuclear receptor,GATA$\longleftrightarrow$Nuclear receptor
260,filter84$\longleftrightarrow$filter143,13288,M6257_1.02,0.0136718,M0607_1.02,0.00131189,444.0,438.0,1209.0,2299.0,3.46282162003449e-32,2.6811940629208686e-30,GATA5,KDM2B,KDM2B$\longleftrightarrow$GATA5,GATA,CxxC,CxxC$\longleftrightarrow$GATA
261,filter84$\longleftrightarrow$filter144,13289,M6257_1.02,0.0136718,M0404_1.02,0.036089800000000005,96.0,144.0,519.0,1127.0,2.2133245853506354e-11,6.256100273280154e-10,GATA5,ZNF202,ZNF202$\longleftrightarrow$GATA5,GATA,C2H2 ZF,C2H2 ZF$\longleftrightarrow$GATA
262,filter84$\longleftrightarrow$filter148,13293,M6257_1.02,0.0136718,M0404_1.02,3.03573e-05,210.0,330.0,440.0,1357.0,3.442866974049185e-06,4.787533886555187e-05,GATA5,ZNF202,ZNF202$\longleftrightarrow$GATA5,GATA,C2H2 ZF,C2H2 ZF$\longleftrightarrow$GATA
263,filter84$\longleftrightarrow$filter152,13297,M6257_1.02,0.0136718,M0891_1.02,0.0103588,636.0,294.0,480.0,1015.0,5.967395670409052e-07,9.394399244103618e-06,GATA5,TLX2,TLX2$\longleftrightarrow$GATA5,GATA,Homeodomain,Homeodomain$\longleftrightarrow$GATA
264,filter84$\longleftrightarrow$filter153,13298,M6257_1.02,0.0136718,M1007_1.02,0.0153505,72.0,654.0,927.0,1760.0,4.4979660791550535e-21,2.386800720242837e-19,GATA5,HOXA11,GATA5$\longleftrightarrow$HOXA11,GATA,Homeodomain,Homeodomain$\longleftrightarrow$GATA
265,filter84$\longleftrightarrow$filter154,13299,M6257_1.02,0.0136718,M6131_1.02,0.00482976,60.0,462.0,551.0,544.0,0.0015729104421674414,0.013046829882738607,GATA5,UNKNOWN,GATA5$\longleftrightarrow$UNKNOWN,GATA,UNKNOWN,GATA$\longleftrightarrow$UNKNOWN
266,filter84$\longleftrightarrow$filter159,13304,M6257_1.02,0.0136718,M1605_1.02,0.00383922,216.0,510.0,780.0,1163.0,2.649480717278643e-19,1.3246737887720531e-17,GATA5,SOX1,SOX1$\longleftrightarrow$GATA5,GATA,Sox,Sox$\longleftrightarrow$GATA
267,filter84$\longleftrightarrow$filter160,13305,M6257_1.02,0.0136718,M1110_1.02,0.0410347,258.0,150.0,936.0,1614.0,5.130506683851775e-17,2.224225544705152e-15,GATA5,HHEX,GATA5$\longleftrightarrow$HHEX,GATA,Homeodomain,Homeodomain$\longleftrightarrow$GATA
268,filter84$\longleftrightarrow$filter166,13311,M6257_1.02,0.0136718,M1605_1.02,0.0250776,24.0,288.0,743.0,1491.0,1.4748238699766736e-06,2.175501867210217e-05,GATA5,SOX1,SOX1$\longleftrightarrow$GATA5,GATA,Sox,Sox$\longleftrightarrow$GATA
269,filter84$\longleftrightarrow$filter167,13312,M6257_1.02,0.0136718,M1605_1.02,0.036521899999999996,366.0,144.0,914.0,1529.0,2.9121436595983327e-25,1.7996505180853175e-23,GATA5,SOX1,SOX1$\longleftrightarrow$GATA5,GATA,Sox,Sox$\longleftrightarrow$GATA
270,filter84$\longleftrightarrow$filter171,13316,M6257_1.02,0.0136718,M1605_1.02,0.00593429,180.0,204.0,950.0,1448.0,3.2427790686630184e-20,1.671711416770088e-18,GATA5,SOX1,SOX1$\longleftrightarrow$GATA5,GATA,Sox,Sox$\longleftrightarrow$GATA
271,filter84$\longleftrightarrow$filter172,13317,M6257_1.02,0.0136718,M1605_1.02,0.0145541,234.0,378.0,854.0,1728.0,1.1522483238972108e-12,3.802419468860796e-11,GATA5,SOX1,SOX1$\longleftrightarrow$GATA5,GATA,Sox,Sox$\longleftrightarrow$GATA
272,filter84$\longleftrightarrow$filter173,13318,M6257_1.02,0.0136718,M0891_1.02,0.00373005,426.0,270.0,618.0,998.0,9.444908657538604e-11,2.486105393337209e-09,GATA5,TLX2,TLX2$\longleftrightarrow$GATA5,GATA,Homeodomain,Homeodomain$\longleftrightarrow$GATA
273,filter84$\longleftrightarrow$filter175,13320,M6257_1.02,0.0136718,M0607_1.02,0.00325007,174.0,312.0,462.0,777.0,2.2174920471164017e-07,3.7585923548185073e-06,GATA5,KDM2B,KDM2B$\longleftrightarrow$GATA5,GATA,CxxC,CxxC$\longleftrightarrow$GATA
274,filter84$\longleftrightarrow$filter176,13321,M6257_1.02,0.0136718,M0607_1.02,0.0188208,294.0,258.0,946.0,1877.0,1.2887167373980802e-06,1.925238315126456e-05,GATA5,KDM2B,KDM2B$\longleftrightarrow$GATA5,GATA,CxxC,CxxC$\longleftrightarrow$GATA
275,filter84$\longleftrightarrow$filter178,13323,M6257_1.02,0.0136718,M1605_1.02,0.0219495,498.0,168.0,529.0,1449.0,4.1050906759690184e-06,5.645279845273499e-05,GATA5,SOX1,SOX1$\longleftrightarrow$GATA5,GATA,Sox,Sox$\longleftrightarrow$GATA
276,filter84$\longleftrightarrow$filter188,13333,M6257_1.02,0.0136718,M0632_1.02,0.0437815,474.0,624.0,749.0,1129.0,7.617693304915135e-08,1.393239697375977e-06,GATA5,DMRTA2,DMRTA2$\longleftrightarrow$GATA5,GATA,DM,DM$\longleftrightarrow$GATA
277,filter84$\longleftrightarrow$filter189,13334,M6257_1.02,0.0136718,M0408_1.02,0.00263428,396.0,588.0,276.0,538.0,1.259704681855448e-07,2.2301479950392843e-06,GATA5,ZKSCAN1,ZKSCAN1$\longleftrightarrow$GATA5,GATA,C2H2 ZF,C2H2 ZF$\longleftrightarrow$GATA
278,filter84$\longleftrightarrow$filter196,13341,M6257_1.02,0.0136718,M0891_1.02,0.00909911,90.0,270.0,632.0,838.0,7.514225456811144e-11,2.0206158427714183e-09,GATA5,TLX2,TLX2$\longleftrightarrow$GATA5,GATA,Homeodomain,Homeodomain$\longleftrightarrow$GATA
279,filter84$\longleftrightarrow$filter198,13343,M6257_1.02,0.0136718,M6406_1.02,0.00295379,6.0,468.0,658.0,1268.0,2.812765048118018e-11,7.861686510229693e-10,GATA5,PAX2,GATA5$\longleftrightarrow$PAX2,GATA,"Homeodomain,Paired box","GATA$\longleftrightarrow$Homeodomain,Paired box"
280,filter84$\longleftrightarrow$filter199,13344,M6257_1.02,0.0136718,M1668_1.02,0.048857300000000006,96.0,480.0,865.0,1350.0,1.9055093845963358e-23,1.1318725744502235e-21,GATA5,PRKRIR,PRKRIR$\longleftrightarrow$GATA5,GATA,THAP finger,THAP finger$\longleftrightarrow$GATA
281,filter86$\longleftrightarrow$filter96,13468,M0404_1.02,0.010442100000000001,M0756_1.02,0.0341843,408.0,402.0,812.0,2370.0,0.0034598036640563394,0.02631752030239185,ZNF202,FOXN3,ZNF202$\longleftrightarrow$FOXN3,C2H2 ZF,Forkhead,C2H2 ZF$\longleftrightarrow$Forkhead
282,filter86$\longleftrightarrow$filter129,13501,M0404_1.02,0.010442100000000001,M6257_1.02,0.017952700000000002,270.0,54.0,628.0,1146.0,2.254100174827895e-06,3.224611026520509e-05,ZNF202,GATA5,ZNF202$\longleftrightarrow$GATA5,C2H2 ZF,GATA,C2H2 ZF$\longleftrightarrow$GATA
283,filter86$\longleftrightarrow$filter143,13515,M0404_1.02,0.010442100000000001,M0607_1.02,0.00131189,66.0,438.0,917.0,2656.0,1.4135909572711648e-05,0.00017780686762793242,ZNF202,KDM2B,ZNF202$\longleftrightarrow$KDM2B,C2H2 ZF,CxxC,C2H2 ZF$\longleftrightarrow$CxxC
284,filter86$\longleftrightarrow$filter153,13525,M0404_1.02,0.010442100000000001,M1007_1.02,0.0153505,246.0,186.0,740.0,2100.0,4.8741950380246296e-08,9.141527527017164e-07,ZNF202,HOXA11,ZNF202$\longleftrightarrow$HOXA11,C2H2 ZF,Homeodomain,Homeodomain$\longleftrightarrow$C2H2 ZF
285,filter86$\longleftrightarrow$filter159,13531,M0404_1.02,0.010442100000000001,M1605_1.02,0.00383922,306.0,372.0,597.0,1374.0,0.006578707834123532,0.046686771466199775,ZNF202,SOX1,ZNF202$\longleftrightarrow$SOX1,C2H2 ZF,Sox,C2H2 ZF$\longleftrightarrow$Sox
286,filter86$\longleftrightarrow$filter167,13539,M0404_1.02,0.010442100000000001,M1605_1.02,0.036521899999999996,612.0,54.0,704.0,1859.0,3.701366995821501e-05,0.00043402181408280517,ZNF202,SOX1,ZNF202$\longleftrightarrow$SOX1,C2H2 ZF,Sox,C2H2 ZF$\longleftrightarrow$Sox
287,filter86$\longleftrightarrow$filter171,13543,M0404_1.02,0.010442100000000001,M1605_1.02,0.00593429,84.0,210.0,680.0,1257.0,3.702387625893924e-06,5.119792311859846e-05,ZNF202,SOX1,ZNF202$\longleftrightarrow$SOX1,C2H2 ZF,Sox,C2H2 ZF$\longleftrightarrow$Sox
288,filter86$\longleftrightarrow$filter199,13571,M0404_1.02,0.010442100000000001,M1668_1.02,0.048857300000000006,378.0,390.0,682.0,1585.0,0.00011663218925984573,0.0012538432923185686,ZNF202,PRKRIR,ZNF202$\longleftrightarrow$PRKRIR,C2H2 ZF,THAP finger,C2H2 ZF$\longleftrightarrow$THAP finger
289,filter89$\longleftrightarrow$filter129,13834,M6445_1.02,0.0336534,M6257_1.02,0.017952700000000002,348.0,294.0,691.0,1342.0,0.005196131714505996,0.03768142310020218,RARB,GATA5,GATA5$\longleftrightarrow$RARB,Nuclear receptor,GATA,GATA$\longleftrightarrow$Nuclear receptor
290,filter90$\longleftrightarrow$filter143,13957,M0404_1.02,0.00979919,M0607_1.02,0.00131189,492.0,306.0,670.0,2499.0,0.001278847910184401,0.010870480377940792,ZNF202,KDM2B,ZNF202$\longleftrightarrow$KDM2B,C2H2 ZF,CxxC,C2H2 ZF$\longleftrightarrow$CxxC
291,filter90$\longleftrightarrow$filter153,13967,M0404_1.02,0.00979919,M1007_1.02,0.0153505,84.0,408.0,536.0,2006.0,0.001213165449365728,0.010360849475076662,ZNF202,HOXA11,ZNF202$\longleftrightarrow$HOXA11,C2H2 ZF,Homeodomain,Homeodomain$\longleftrightarrow$C2H2 ZF
292,filter90$\longleftrightarrow$filter167,13981,M0404_1.02,0.00979919,M1605_1.02,0.036521899999999996,780.0,132.0,537.0,1785.0,7.89961380331621e-05,0.000872817407396942,ZNF202,SOX1,ZNF202$\longleftrightarrow$SOX1,C2H2 ZF,Sox,C2H2 ZF$\longleftrightarrow$Sox
293,filter90$\longleftrightarrow$filter171,13985,M0404_1.02,0.00979919,M1605_1.02,0.00593429,90.0,300.0,499.0,1161.0,3.903626559776969e-05,0.00045612604176748027,ZNF202,SOX1,ZNF202$\longleftrightarrow$SOX1,C2H2 ZF,Sox,C2H2 ZF$\longleftrightarrow$Sox
294,filter90$\longleftrightarrow$filter199,14013,M0404_1.02,0.00979919,M1668_1.02,0.048857300000000006,84.0,234.0,494.0,1524.0,0.0006261343065301562,0.005676285451318258,ZNF202,PRKRIR,ZNF202$\longleftrightarrow$PRKRIR,C2H2 ZF,THAP finger,C2H2 ZF$\longleftrightarrow$THAP finger
295,filter96$\longleftrightarrow$filter104,14551,M0756_1.02,0.0341843,M0632_1.02,0.0239745,312.0,162.0,709.0,1307.0,0.0020282084410526368,0.016273919261494525,FOXN3,DMRTA2,DMRTA2$\longleftrightarrow$FOXN3,Forkhead,DM,DM$\longleftrightarrow$Forkhead
296,filter96$\longleftrightarrow$filter108,14555,M0756_1.02,0.0341843,M6461_1.02,0.0283823,264.0,96.0,1092.0,3563.0,0.002425097092854171,0.019092169344786882,FOXN3,RXRB,FOXN3$\longleftrightarrow$RXRB,Forkhead,Nuclear receptor,Forkhead$\longleftrightarrow$Nuclear receptor
297,filter96$\longleftrightarrow$filter129,14576,M0756_1.02,0.0341843,M6257_1.02,0.017952700000000002,348.0,132.0,970.0,2000.0,1.7408785669687626e-08,3.412979566907528e-07,FOXN3,GATA5,GATA5$\longleftrightarrow$FOXN3,Forkhead,GATA,GATA$\longleftrightarrow$Forkhead
298,filter96$\longleftrightarrow$filter133,14580,M0756_1.02,0.0341843,M5502_1.02,0.0139477,162.0,480.0,795.0,2010.0,0.0005399078769879235,0.004969242854929271,FOXN3,GSX1,FOXN3$\longleftrightarrow$GSX1,Forkhead,Homeodomain,Homeodomain$\longleftrightarrow$Forkhead
299,filter96$\longleftrightarrow$filter143,14590,M0756_1.02,0.0341843,M0607_1.02,0.00131189,78.0,102.0,1412.0,4313.0,5.462562905951047e-05,0.0006222068647139088,FOXN3,KDM2B,FOXN3$\longleftrightarrow$KDM2B,Forkhead,CxxC,Forkhead$\longleftrightarrow$CxxC
300,filter96$\longleftrightarrow$filter153,14600,M0756_1.02,0.0341843,M1007_1.02,0.0153505,114.0,234.0,1097.0,3347.0,8.601359131522761e-07,1.3166034258320877e-05,FOXN3,HOXA11,FOXN3$\longleftrightarrow$HOXA11,Forkhead,Homeodomain,Homeodomain$\longleftrightarrow$Forkhead
301,filter96$\longleftrightarrow$filter159,14606,M0756_1.02,0.0341843,M1605_1.02,0.00383922,456.0,252.0,879.0,2205.0,0.000265831703442565,0.0026422502831186818,FOXN3,SOX1,FOXN3$\longleftrightarrow$SOX1,Forkhead,Sox,Forkhead$\longleftrightarrow$Sox
302,filter96$\longleftrightarrow$filter167,14614,M0756_1.02,0.0341843,M1605_1.02,0.036521899999999996,12.0,306.0,1074.0,2946.0,1.752087378706871e-09,3.973851813703147e-08,FOXN3,SOX1,FOXN3$\longleftrightarrow$SOX1,Forkhead,Sox,Forkhead$\longleftrightarrow$Sox
303,filter96$\longleftrightarrow$filter199,14646,M0756_1.02,0.0341843,M1668_1.02,0.048857300000000006,168.0,252.0,1017.0,2544.0,0.00017488728545372742,0.00180689620625323,FOXN3,PRKRIR,FOXN3$\longleftrightarrow$PRKRIR,Forkhead,THAP finger,Forkhead$\longleftrightarrow$THAP finger
304,filter104$\longleftrightarrow$filter129,15364,M0632_1.02,0.0239745,M6257_1.02,0.017952700000000002,222.0,348.0,600.0,975.0,0.0017323610690541374,0.014186112309921103,DMRTA2,GATA5,DMRTA2$\longleftrightarrow$GATA5,DM,GATA,DM$\longleftrightarrow$GATA
305,filter104$\longleftrightarrow$filter143,15378,M0632_1.02,0.0239745,M0607_1.02,0.00131189,348.0,474.0,829.0,1510.0,4.217177414373047e-06,5.787421611628224e-05,DMRTA2,KDM2B,DMRTA2$\longleftrightarrow$KDM2B,DM,CxxC,DM$\longleftrightarrow$CxxC
306,filter104$\longleftrightarrow$filter153,15388,M0632_1.02,0.0239745,M1007_1.02,0.0153505,66.0,456.0,635.0,1187.0,0.0004787021770535718,0.00444710299775398,DMRTA2,HOXA11,DMRTA2$\longleftrightarrow$HOXA11,DM,Homeodomain,Homeodomain$\longleftrightarrow$DM
307,filter104$\longleftrightarrow$filter159,15394,M0632_1.02,0.0239745,M1605_1.02,0.00383922,54.0,30.0,537.0,828.0,0.0033920199484623096,0.025841426092822164,DMRTA2,SOX1,DMRTA2$\longleftrightarrow$SOX1,DM,Sox,DM$\longleftrightarrow$Sox
308,filter104$\longleftrightarrow$filter167,15402,M0632_1.02,0.0239745,M1605_1.02,0.036521899999999996,450.0,198.0,609.0,1068.0,6.758392402265278e-07,1.0541415987157682e-05,DMRTA2,SOX1,DMRTA2$\longleftrightarrow$SOX1,DM,Sox,DM$\longleftrightarrow$Sox
309,filter104$\longleftrightarrow$filter171,15406,M0632_1.02,0.0239745,M1605_1.02,0.00593429,186.0,570.0,698.0,1214.0,0.0020298046932113413,0.0162801626723952,DMRTA2,SOX1,DMRTA2$\longleftrightarrow$SOX1,DM,Sox,DM$\longleftrightarrow$Sox
310,filter104$\longleftrightarrow$filter199,15434,M0632_1.02,0.0239745,M1668_1.02,0.048857300000000006,480.0,210.0,575.0,891.0,0.0019421572044961294,0.015684653495238832,DMRTA2,PRKRIR,DMRTA2$\longleftrightarrow$PRKRIR,DM,THAP finger,DM$\longleftrightarrow$THAP finger
311,filter108$\longleftrightarrow$filter129,15734,M6461_1.02,0.0283823,M6257_1.02,0.017952700000000002,12.0,384.0,884.0,2127.0,0.0007954059070097315,0.007053378851865706,RXRB,GATA5,GATA5$\longleftrightarrow$RXRB,Nuclear receptor,GATA,GATA$\longleftrightarrow$Nuclear receptor
312,filter108$\longleftrightarrow$filter143,15748,M6461_1.02,0.0283823,M0607_1.02,0.00131189,72.0,216.0,1255.0,4085.0,5.030230302096375e-06,6.809289304858217e-05,RXRB,KDM2B,RXRB$\longleftrightarrow$KDM2B,Nuclear receptor,CxxC,Nuclear receptor$\longleftrightarrow$CxxC
313,filter108$\longleftrightarrow$filter153,15758,M6461_1.02,0.0283823,M1007_1.02,0.0153505,78.0,318.0,979.0,3204.0,2.2979103791372308e-07,3.884971846597431e-06,RXRB,HOXA11,RXRB$\longleftrightarrow$HOXA11,Nuclear receptor,Homeodomain,Homeodomain$\longleftrightarrow$Nuclear receptor
314,filter108$\longleftrightarrow$filter167,15772,M6461_1.02,0.0283823,M1605_1.02,0.036521899999999996,72.0,138.0,963.0,2870.0,7.889445603755686e-07,1.217936990451004e-05,RXRB,SOX1,RXRB$\longleftrightarrow$SOX1,Nuclear receptor,Sox,Nuclear receptor$\longleftrightarrow$Sox
315,filter108$\longleftrightarrow$filter199,15804,M6461_1.02,0.0283823,M1668_1.02,0.048857300000000006,216.0,78.0,909.0,2424.0,5.657038984696456e-05,0.0006421529877722463,RXRB,PRKRIR,RXRB$\longleftrightarrow$PRKRIR,Nuclear receptor,THAP finger,Nuclear receptor$\longleftrightarrow$THAP finger
316,filter129$\longleftrightarrow$filter133,17418,M6257_1.02,0.017952700000000002,M5502_1.02,0.0139477,294.0,432.0,653.0,1465.0,0.0005043490781338933,0.004665756534535726,GATA5,GSX1,GATA5$\longleftrightarrow$GSX1,GATA,Homeodomain,Homeodomain$\longleftrightarrow$GATA
317,filter129$\longleftrightarrow$filter143,17428,M6257_1.02,0.017952700000000002,M0607_1.02,0.00131189,114.0,348.0,1135.0,2388.0,4.4315362738812604e-18,2.0555510562695384e-16,GATA5,KDM2B,KDM2B$\longleftrightarrow$GATA5,GATA,CxxC,CxxC$\longleftrightarrow$GATA
318,filter129$\longleftrightarrow$filter152,17437,M6257_1.02,0.017952700000000002,M0891_1.02,0.0103588,462.0,192.0,430.0,1057.0,0.0070621824440310075,0.04955231609794536,GATA5,TLX2,TLX2$\longleftrightarrow$GATA5,GATA,Homeodomain,Homeodomain$\longleftrightarrow$GATA
319,filter129$\longleftrightarrow$filter153,17438,M6257_1.02,0.017952700000000002,M1007_1.02,0.0153505,312.0,264.0,878.0,1927.0,2.1277405894320085e-06,3.057033212209931e-05,GATA5,HOXA11,GATA5$\longleftrightarrow$HOXA11,GATA,Homeodomain,Homeodomain$\longleftrightarrow$GATA
320,filter129$\longleftrightarrow$filter159,17444,M6257_1.02,0.017952700000000002,M1605_1.02,0.00383922,138.0,318.0,719.0,1308.0,4.376621940388577e-05,0.0005072242282573809,GATA5,SOX1,SOX1$\longleftrightarrow$GATA5,GATA,Sox,Sox$\longleftrightarrow$GATA
321,filter129$\longleftrightarrow$filter160,17445,M6257_1.02,0.017952700000000002,M1110_1.02,0.0410347,414.0,270.0,879.0,1969.0,0.0013590390058604179,0.011465717635395464,GATA5,HHEX,GATA5$\longleftrightarrow$HHEX,GATA,Homeodomain,Homeodomain$\longleftrightarrow$GATA
322,filter129$\longleftrightarrow$filter167,17452,M6257_1.02,0.017952700000000002,M1605_1.02,0.036521899999999996,450.0,282.0,858.0,1669.0,1.1094324251309505e-10,2.9048152404843136e-09,GATA5,SOX1,SOX1$\longleftrightarrow$GATA5,GATA,Sox,Sox$\longleftrightarrow$GATA
323,filter129$\longleftrightarrow$filter171,17456,M6257_1.02,0.017952700000000002,M1605_1.02,0.00593429,408.0,228.0,907.0,1899.0,7.544008626612591e-07,1.1691450752411525e-05,GATA5,SOX1,SOX1$\longleftrightarrow$GATA5,GATA,Sox,Sox$\longleftrightarrow$GATA
324,filter129$\longleftrightarrow$filter189,17474,M6257_1.02,0.017952700000000002,M0408_1.02,0.00263428,372.0,126.0,250.0,461.0,0.0026085047218993925,0.020347563881252848,GATA5,ZKSCAN1,ZKSCAN1$\longleftrightarrow$GATA5,GATA,C2H2 ZF,C2H2 ZF$\longleftrightarrow$GATA
325,filter129$\longleftrightarrow$filter196,17481,M6257_1.02,0.017952700000000002,M0891_1.02,0.00909911,18.0,114.0,552.0,857.0,0.0003920082682125636,0.0037269816192841867,GATA5,TLX2,TLX2$\longleftrightarrow$GATA5,GATA,Homeodomain,Homeodomain$\longleftrightarrow$GATA
326,filter129$\longleftrightarrow$filter198,17483,M6257_1.02,0.017952700000000002,M6406_1.02,0.00295379,42.0,384.0,632.0,1253.0,0.0011956953108804556,0.0102336090284775,GATA5,PAX2,GATA5$\longleftrightarrow$PAX2,GATA,"Homeodomain,Paired box","GATA$\longleftrightarrow$Homeodomain,Paired box"
327,filter129$\longleftrightarrow$filter199,17484,M6257_1.02,0.017952700000000002,M1668_1.02,0.048857300000000006,324.0,438.0,812.0,1449.0,1.1895767809035122e-10,3.10241000828296e-09,GATA5,PRKRIR,PRKRIR$\longleftrightarrow$GATA5,GATA,THAP finger,THAP finger$\longleftrightarrow$GATA
328,filter133$\longleftrightarrow$filter143,17698,M5502_1.02,0.0139477,M0607_1.02,0.00131189,336.0,90.0,907.0,2341.0,3.4969206567819416e-07,5.7460961312389645e-06,GSX1,KDM2B,GSX1$\longleftrightarrow$KDM2B,Homeodomain,CxxC,Homeodomain$\longleftrightarrow$CxxC
329,filter133$\longleftrightarrow$filter153,17708,M5502_1.02,0.0139477,M1007_1.02,0.0153505,120.0,576.0,702.0,1808.0,0.00020925261745040127,0.0021277045654806005,GSX1,HOXA11,GSX1$\longleftrightarrow$HOXA11,Homeodomain,Homeodomain,Homeodomain$\longleftrightarrow$Homeodomain
330,filter133$\longleftrightarrow$filter167,17722,M5502_1.02,0.0139477,M1605_1.02,0.036521899999999996,468.0,120.0,670.0,1597.0,3.846051193807925e-09,8.264856663669967e-08,GSX1,SOX1,GSX1$\longleftrightarrow$SOX1,Homeodomain,Sox,Homeodomain$\longleftrightarrow$Sox
331,filter133$\longleftrightarrow$filter171,17726,M5502_1.02,0.0139477,M1605_1.02,0.00593429,324.0,48.0,734.0,1740.0,6.63975495453491e-05,0.0007468879810078585,GSX1,SOX1,GSX1$\longleftrightarrow$SOX1,Homeodomain,Sox,Homeodomain$\longleftrightarrow$Sox
332,filter133$\longleftrightarrow$filter199,17754,M5502_1.02,0.0139477,M1668_1.02,0.048857300000000006,126.0,402.0,640.0,1363.0,5.420463749297758e-07,8.594566386237137e-06,GSX1,PRKRIR,GSX1$\longleftrightarrow$PRKRIR,Homeodomain,THAP finger,Homeodomain$\longleftrightarrow$THAP finger
333,filter143$\longleftrightarrow$filter153,18313,M0607_1.02,0.00131189,M1007_1.02,0.0153505,306.0,12.0,1259.0,3762.0,1.2250438081963534e-10,3.190726012997283e-09,KDM2B,HOXA11,KDM2B$\longleftrightarrow$HOXA11,CxxC,Homeodomain,Homeodomain$\longleftrightarrow$CxxC
334,filter143$\longleftrightarrow$filter159,18319,M0607_1.02,0.00131189,M1605_1.02,0.00383922,342.0,678.0,1010.0,2489.0,1.2031640739071566e-05,0.0001530803190964099,KDM2B,SOX1,KDM2B$\longleftrightarrow$SOX1,CxxC,Sox,CxxC$\longleftrightarrow$Sox
335,filter143$\longleftrightarrow$filter160,18320,M0607_1.02,0.00131189,M1110_1.02,0.0410347,6.0,210.0,1246.0,3294.0,0.00018192795368173972,0.0018747718023370997,KDM2B,HHEX,KDM2B$\longleftrightarrow$HHEX,CxxC,Homeodomain,Homeodomain$\longleftrightarrow$CxxC
336,filter143$\longleftrightarrow$filter167,18327,M0607_1.02,0.00131189,M1605_1.02,0.036521899999999996,102.0,222.0,1211.0,3348.0,4.972760853942708e-12,1.536536773798229e-10,KDM2B,SOX1,KDM2B$\longleftrightarrow$SOX1,CxxC,Sox,CxxC$\longleftrightarrow$Sox
337,filter143$\longleftrightarrow$filter171,18331,M0607_1.02,0.00131189,M1605_1.02,0.00593429,258.0,654.0,1271.0,2681.0,8.889315706944172e-11,2.3553727463712653e-09,KDM2B,SOX1,KDM2B$\longleftrightarrow$SOX1,CxxC,Sox,CxxC$\longleftrightarrow$Sox
338,filter143$\longleftrightarrow$filter189,18349,M0607_1.02,0.00131189,M0408_1.02,0.00263428,72.0,108.0,373.0,1303.0,0.0023524520612982327,0.018583344012613558,KDM2B,ZKSCAN1,ZKSCAN1$\longleftrightarrow$KDM2B,CxxC,C2H2 ZF,C2H2 ZF$\longleftrightarrow$CxxC
339,filter143$\longleftrightarrow$filter199,18359,M0607_1.02,0.00131189,M1668_1.02,0.048857300000000006,366.0,426.0,1160.0,2818.0,2.437956304922927e-09,5.36054060902335e-08,KDM2B,PRKRIR,KDM2B$\longleftrightarrow$PRKRIR,CxxC,THAP finger,CxxC$\longleftrightarrow$THAP finger
340,filter152$\longleftrightarrow$filter167,18786,M0891_1.02,0.0103588,M1605_1.02,0.036521899999999996,84.0,420.0,493.0,1531.0,0.002269320036192873,0.017990916095697997,TLX2,SOX1,TLX2$\longleftrightarrow$SOX1,Homeodomain,Sox,Homeodomain$\longleftrightarrow$Sox
341,filter153$\longleftrightarrow$filter159,18824,M1007_1.02,0.0153505,M1605_1.02,0.00383922,114.0,150.0,784.0,2012.0,7.2151695512137405e-06,9.520865974774682e-05,HOXA11,SOX1,HOXA11$\longleftrightarrow$SOX1,Homeodomain,Sox,Homeodomain$\longleftrightarrow$Sox
342,filter153$\longleftrightarrow$filter160,18825,M1007_1.02,0.0153505,M1110_1.02,0.0410347,18.0,672.0,970.0,2559.0,4.1083046954286575e-05,0.00047835667135362703,HOXA11,HHEX,HOXA11$\longleftrightarrow$HHEX,Homeodomain,Homeodomain,Homeodomain$\longleftrightarrow$Homeodomain
343,filter153$\longleftrightarrow$filter167,18832,M1007_1.02,0.0153505,M1605_1.02,0.036521899999999996,210.0,444.0,952.0,2628.0,9.466035596275994e-12,2.8072226874857827e-10,HOXA11,SOX1,HOXA11$\longleftrightarrow$SOX1,Homeodomain,Sox,Homeodomain$\longleftrightarrow$Sox
344,filter153$\longleftrightarrow$filter171,18836,M1007_1.02,0.0153505,M1605_1.02,0.00593429,426.0,138.0,947.0,2138.0,1.9030133342653376e-07,3.2616763426826836e-06,HOXA11,SOX1,HOXA11$\longleftrightarrow$SOX1,Homeodomain,Sox,Homeodomain$\longleftrightarrow$Sox
345,filter153$\longleftrightarrow$filter196,18861,M1007_1.02,0.0153505,M0891_1.02,0.00909911,18.0,228.0,620.0,1316.0,0.002903820519451886,0.022440048355950717,HOXA11,TLX2,TLX2$\longleftrightarrow$HOXA11,Homeodomain,Homeodomain,Homeodomain$\longleftrightarrow$Homeodomain
346,filter153$\longleftrightarrow$filter199,18864,M1007_1.02,0.0153505,M1668_1.02,0.048857300000000006,354.0,222.0,915.0,2316.0,2.6743126330925407e-10,6.693854979359557e-09,HOXA11,PRKRIR,HOXA11$\longleftrightarrow$PRKRIR,Homeodomain,THAP finger,Homeodomain$\longleftrightarrow$THAP finger
347,filter159$\longleftrightarrow$filter199,19119,M1605_1.02,0.00383922,M1668_1.02,0.048857300000000006,36.0,240.0,728.0,1495.0,0.0005766593683178097,0.005266151799062001,SOX1,PRKRIR,SOX1$\longleftrightarrow$PRKRIR,Sox,THAP finger,Sox$\longleftrightarrow$THAP finger
348,filter160$\longleftrightarrow$filter167,19126,M1110_1.02,0.0410347,M1605_1.02,0.036521899999999996,324.0,324.0,935.0,2282.0,8.411605500679631e-07,1.2915319279168519e-05,HHEX,SOX1,HHEX$\longleftrightarrow$SOX1,Homeodomain,Sox,Homeodomain$\longleftrightarrow$Sox
349,filter160$\longleftrightarrow$filter199,19158,M1110_1.02,0.0410347,M1668_1.02,0.048857300000000006,396.0,12.0,878.0,1942.0,0.003334911219055618,0.025461015859984976,HHEX,PRKRIR,HHEX$\longleftrightarrow$PRKRIR,Homeodomain,THAP finger,Homeodomain$\longleftrightarrow$THAP finger
350,filter167$\longleftrightarrow$filter173,19377,M1605_1.02,0.036521899999999996,M0891_1.02,0.00373005,240.0,246.0,646.0,1603.0,0.0017543996865488892,0.014348869446213048,SOX1,TLX2,TLX2$\longleftrightarrow$SOX1,Sox,Homeodomain,Homeodomain$\longleftrightarrow$Sox
351,filter167$\longleftrightarrow$filter189,19393,M1605_1.02,0.036521899999999996,M0408_1.02,0.00263428,378.0,654.0,282.0,898.0,0.00022580268715376357,0.0022808363815597674,SOX1,ZKSCAN1,ZKSCAN1$\longleftrightarrow$SOX1,Sox,C2H2 ZF,C2H2 ZF$\longleftrightarrow$Sox
352,filter167$\longleftrightarrow$filter196,19400,M1605_1.02,0.036521899999999996,M0891_1.02,0.00909911,438.0,42.0,587.0,1189.0,2.069128539410919e-05,0.00025337593111223307,SOX1,TLX2,TLX2$\longleftrightarrow$SOX1,Sox,Homeodomain,Homeodomain$\longleftrightarrow$Sox
353,filter167$\longleftrightarrow$filter199,19403,M1605_1.02,0.036521899999999996,M1668_1.02,0.048857300000000006,780.0,60.0,879.0,2011.0,3.6040511478358534e-13,1.2217549197748831e-11,SOX1,PRKRIR,SOX1$\longleftrightarrow$PRKRIR,Sox,THAP finger,Sox$\longleftrightarrow$THAP finger
354,filter171$\longleftrightarrow$filter199,19521,M1605_1.02,0.00593429,M1668_1.02,0.048857300000000006,186.0,132.0,893.0,1607.0,4.749042176409268e-08,8.923625143377529e-07,SOX1,PRKRIR,SOX1$\longleftrightarrow$PRKRIR,Sox,THAP finger,Sox$\longleftrightarrow$THAP finger
355,filter173$\longleftrightarrow$filter199,19574,M0891_1.02,0.00373005,M1668_1.02,0.048857300000000006,372.0,462.0,614.0,1328.0,0.004447149916347107,0.032834049143879725,TLX2,PRKRIR,TLX2$\longleftrightarrow$PRKRIR,Homeodomain,THAP finger,Homeodomain$\longleftrightarrow$THAP finger
356,filter175$\longleftrightarrow$filter199,19623,M0607_1.02,0.00325007,M1668_1.02,0.048857300000000006,168.0,138.0,433.0,986.0,0.0038847000391462865,0.029126468002626964,KDM2B,PRKRIR,KDM2B$\longleftrightarrow$PRKRIR,CxxC,THAP finger,CxxC$\longleftrightarrow$THAP finger
357,filter189$\longleftrightarrow$filter199,19854,M0408_1.02,0.00263428,M1668_1.02,0.048857300000000006,30.0,180.0,275.0,703.0,4.183880933166901e-05,0.00048601895323460703,ZKSCAN1,PRKRIR,ZKSCAN1$\longleftrightarrow$PRKRIR,C2H2 ZF,THAP finger,C2H2 ZF$\longleftrightarrow$THAP finger
358,filter196$\longleftrightarrow$filter199,19896,M0891_1.02,0.00909911,M1668_1.02,0.048857300000000006,342.0,300.0,592.0,1013.0,0.0023174970879346487,0.0183217618406085,TLX2,PRKRIR,TLX2$\longleftrightarrow$PRKRIR,Homeodomain,THAP finger,Homeodomain$\longleftrightarrow$THAP finger
