Query_ID	Target_ID	Optimal_offset	p-value	E-value	q-value	Overlap	Query_consensus	Target_consensus	Orientation
filter1	M0942_1.02	-3	9.13425e-06	0.00669541	0.00522993	8	GCGGTTTTTTTTT	TTGTAATT	+
filter1	M1507_1.02	-2	1.35352e-05	0.00992131	0.00522993	10	GCGGTTTTTTTTT	AATTTTGGCT	+
filter1	M1592_1.02	-4	2.02976e-05	0.0148781	0.00522993	8	GCGGTTTTTTTTT	ATTGTTTT	-
filter1	M0632_1.02	-2	2.52062e-05	0.0184761	0.00522993	10	GCGGTTTTTTTTT	AATGTATCAA	+
filter1	M1110_1.02	-2	2.52062e-05	0.0184761	0.00522993	10	GCGGTTTTTTTTT	TCTATTGCCC	-
filter1	M1007_1.02	-4	2.54876e-05	0.0186824	0.00522993	9	GCGGTTTTTTTTT	TTTATGACC	+
filter1	M0756_1.02	-2	2.54876e-05	0.0186824	0.00522993	9	GCGGTTTTTTTTT	TTTGTTTAC	-
filter1	M0994_1.02	-1	3.54705e-05	0.0259999	0.00636856	9	GCGGTTTTTTTTT	GGGTATCAT	-
filter1	M4850_1.02	1	4.54734e-05	0.033332	0.00725738	13	GCGGTTTTTTTTT	TGTTGTGTCCGTGCCATCTGG	+
filter1	M1605_1.02	-4	7.02447e-05	0.0514894	0.0100897	9	GCGGTTTTTTTTT	ATTCATCTTT	+
filter1	M1049_1.02	0	8.08242e-05	0.0592441	0.0105539	10	GCGGTTTTTTTTT	GGGGTATCAT	-
filter1	M0408_1.02	-3	0.000139654	0.102366	0.0154303	10	GCGGTTTTTTTTT	ATGTGCACAT	+
filter1	M0887_1.02	-1	0.000251482	0.184337	0.0258014	9	GCGGTTTTTTTTT	CTCATTAGG	-
filter1	M0952_1.02	-1	0.000270481	0.198262	0.0259006	8	GCGGTTTTTTTTT	GGGTATCA	-
filter1	M1016_1.02	-3	0.000305691	0.224072	0.0274428	7	GCGGTTTTTTTTT	GTATCAC	-
filter1	M0891_1.02	-3	0.000391193	0.286745	0.0312164	10	GCGGTTTTTTTTT	TTAATTGGTT	+
filter1	M1266_1.02	-2	0.000442478	0.324336	0.0334505	10	GCGGTTTTTTTTT	GGTTTCGGTC	-
filter2	M0404_1.02	0	1.68105e-05	0.0123221	0.024599	10	TGTCCCCAGGTTA	TGCCCCCCTT	-
filter5	M0424_1.02	0	1.2061e-05	0.00884073	0.0171341	10	TGGTGTCTTTTTT	AGCTGTCAAA	-
filter5	M0942_1.02	-2	3.2742e-05	0.0239999	0.023257	8	TGGTGTCTTTTTT	TTGTAATT	+
filter5	M1934_1.02	6	5.85118e-05	0.0428892	0.0237298	13	TGGTGTCTTTTTT	AGGTCAGGGTGACCTGGGCC	+
filter5	M0891_1.02	-2	8.44275e-05	0.0618854	0.0237298	10	TGGTGTCTTTTTT	TTAATTGGTT	+
filter5	M6519_1.02	1	0.000100223	0.0734636	0.0237298	13	TGGTGTCTTTTTT	CAGGTGACACCTGACA	+
filter5	M0994_1.02	0	0.000221046	0.162027	0.0363056	9	TGGTGTCTTTTTT	GGGTATCAT	-
filter5	M0632_1.02	-1	0.000230005	0.168594	0.0363056	10	TGGTGTCTTTTTT	AATGTATCAA	+
filter5	M0607_1.02	-2	0.000325327	0.238465	0.0462165	9	TGGTGTCTTTTTT	GCGTAAATA	+
filter5	M6446_1.02	0	0.000374874	0.274783	0.0472761	13	TGGTGTCTTTTTT	GGGGGTCACCCAGAGGTCAC	-
filter5	M0887_1.02	-4	0.000418208	0.306547	0.0472761	9	TGGTGTCTTTTTT	CTCATTAGG	-
filter5	M0408_1.02	0	0.000465899	0.341504	0.0472761	10	TGGTGTCTTTTTT	ATGTGCACAT	+
filter5	M0898_1.02	-3	0.000552539	0.405011	0.0490592	8	TGGTGTCTTTTTT	TTACGTAA	+
filter10	M0994_1.02	0	2.23678e-06	0.00163956	0.00315192	9	TATTATCAATATT	GGGTATCAT	-
filter10	M1016_1.02	-2	1.26938e-05	0.00930456	0.00894365	7	TATTATCAATATT	GTATCAC	-
filter10	M1049_1.02	1	3.77865e-05	0.0276975	0.0154727	9	TATTATCAATATT	GGGGTATCAT	-
filter10	M1605_1.02	-3	4.39209e-05	0.0321941	0.0154727	10	TATTATCAATATT	ATTCATCTTT	+
filter10	M0632_1.02	-1	6.82918e-05	0.0500579	0.0192465	10	TATTATCAATATT	AATGTATCAA	+
filter10	M0942_1.02	-2	0.000103625	0.0759568	0.0208602	8	TATTATCAATATT	TTGTAATT	+
filter10	M0952_1.02	0	0.000103625	0.0759568	0.0208602	8	TATTATCAATATT	GGGTATCA	-
filter10	M0937_1.02	-1	0.000217803	0.159649	0.0360062	7	TATTATCAATATT	GGTATCA	-
filter10	M1110_1.02	-1	0.000269381	0.197456	0.0360062	10	TATTATCAATATT	TCTATTGCCC	-
filter10	M1266_1.02	-1	0.000269381	0.197456	0.0360062	10	TATTATCAATATT	GGTTTCGGTC	-
filter10	M0408_1.02	-2	0.000306624	0.224755	0.0360062	10	TATTATCAATATT	ATGTGCACAT	+
filter10	M0891_1.02	-2	0.000395707	0.290053	0.0428927	10	TATTATCAATATT	TTAATTGGTT	+
filter14	M1110_1.02	0	2.52585e-05	0.0185145	0.0349343	10	CGGCGATTCCACC	GGGCAATAGA	+
filter16	M0891_1.02	-3	5.23025e-05	0.0383377	0.0376976	10	TCTGTGGCCCAGG	TTAATTGGTT	+
filter16	M1110_1.02	0	5.98772e-05	0.04389	0.0376976	10	TCTGTGGCCCAGG	TCTATTGCCC	-
filter16	M1605_1.02	-2	7.81983e-05	0.0573193	0.0376976	10	TCTGTGGCCCAGG	ATTCATCTTT	+
filter17	M5349_1.02	0	6.04731e-05	0.0443268	0.0429401	13	ATGATTAATATTA	TTGATTAAATTAG	-
filter17	M0975_1.02	-1	8.96063e-05	0.0656814	0.0429401	9	ATGATTAATATTA	TAATTAATT	+
filter17	M0931_1.02	-1	0.000100949	0.073996	0.0429401	9	ATGATTAATATTA	TAATTAATT	+
filter17	M6257_1.02	3	0.000140131	0.102716	0.0447049	13	ATGATTAATATTA	TAAGAGATAACTTAGAT	+
filter23	M1605_1.02	-1	3.16894e-06	0.00232283	0.00460849	10	TATTCCCTTTTTT	ATTCATCTTT	+
filter23	M0747_1.02	0	4.4266e-05	0.032447	0.0321874	10	TATTCCCTTTTTT	TGTTTACATT	-
filter27	M0942_1.02	-2	2.09461e-05	0.0153535	0.0168195	8	GGCTGTTTCAGCC	TTGTAATT	+
filter27	M0632_1.02	-1	2.34996e-05	0.0172252	0.0168195	10	GGCTGTTTCAGCC	AATGTATCAA	+
filter27	M0756_1.02	-1	6.49919e-05	0.0476391	0.0310114	9	GGCTGTTTCAGCC	TTTGTTTAC	-
filter29	M1110_1.02	-2	3.02315e-05	0.0221597	0.043515	10	GACCTCTGTCTTC	TCTATTGCCC	-
filter29	M6446_1.02	2	0.000108908	0.0798298	0.0441085	13	GACCTCTGTCTTC	GTGACCTCTGGGTGACCCCC	+
filter29	M0607_1.02	-4	0.000110919	0.0813034	0.0441085	9	GACCTCTGTCTTC	GCGTAAATA	+
filter29	M0887_1.02	-4	0.000166505	0.122048	0.0441085	9	GACCTCTGTCTTC	CCTAATGAG	+
filter29	M0408_1.02	-1	0.000183863	0.134772	0.0441085	10	GACCTCTGTCTTC	ATGTGCACAT	+
filter29	M1668_1.02	-1	0.000288334	0.211349	0.0459143	12	GACCTCTGTCTTC	TCCAAACGAGAT	+
filter29	M0609_1.02	0	0.000296208	0.217121	0.0459143	10	GACCTCTGTCTTC	CCCCGCGGCC	+
filter29	M0898_1.02	-5	0.000316218	0.231788	0.0459143	8	GACCTCTGTCTTC	TTACGTAA	+
filter29	M1007_1.02	-4	0.000318983	0.233815	0.0459143	9	GACCTCTGTCTTC	TTTATGACC	+
filter29	M0942_1.02	-3	0.000362921	0.266021	0.0474896	8	GACCTCTGTCTTC	TTGTAATT	+
filter30	M0632_1.02	-1	2.00717e-07	0.000147125	0.000285059	10	TAATGTAAATAAT	AATGTATCAA	+
filter30	M0942_1.02	-2	5.95834e-07	0.000436747	0.000423102	8	TAATGTAAATAAT	TTGTAATT	+
filter30	M1592_1.02	-1	3.21294e-06	0.00235509	0.00152101	8	TAATGTAAATAAT	ATTGTTTT	-
filter30	M0630_1.02	-1	3.02e-05	0.0221366	0.00822333	10	TAATGTAAATAAT	AATGTATCAA	+
filter30	M1589_1.02	-1	4.0219e-05	0.0294805	0.00822333	10	TAATGTAAATAAT	ATTGTTCTGC	-
filter30	M0887_1.02	-4	4.60655e-05	0.033766	0.00822333	9	TAATGTAAATAAT	CTCATTAGG	-
filter30	M0408_1.02	-2	4.6322e-05	0.033954	0.00822333	10	TAATGTAAATAAT	ATGTGCACAT	+
filter30	M0607_1.02	-2	7.23914e-05	0.0530629	0.0114234	9	TAATGTAAATAAT	GCGTAAATA	+
filter30	M0756_1.02	-1	0.000112166	0.0822179	0.014225	9	TAATGTAAATAAT	TTTGTTTAC	-
filter30	M1594_1.02	0	0.000120194	0.0881025	0.014225	10	TAATGTAAATAAT	CATTGTTCTT	+
filter30	M0891_1.02	-4	0.000120194	0.0881025	0.014225	9	TAATGTAAATAAT	TTAATTGGTT	+
filter30	M1007_1.02	-4	0.00014906	0.109261	0.0162842	9	TAATGTAAATAAT	TTTATGACC	+
filter30	M1605_1.02	-1	0.0001776	0.130181	0.0168152	10	TAATGTAAATAAT	ATTCATCTTT	+
filter30	M1018_1.02	-5	0.000381412	0.279575	0.0338552	7	TAATGTAAATAAT	TAATTAA	+
filter30	M1110_1.02	-3	0.000424404	0.311088	0.0354553	10	TAATGTAAATAAT	TCTATTGCCC	-
filter30	M0718_1.02	-2	0.000606551	0.444602	0.0457312	10	TAATGTAAATAAT	TTGTTTACAT	-
filter30	M1601_1.02	-1	0.00064401	0.472059	0.0457312	9	TAATGTAAATAAT	ATTGTTCTC	+
filter30	M0898_1.02	-5	0.000769828	0.564284	0.049696	8	TAATGTAAATAAT	TTACGTAA	+
filter33	M0404_1.02	-2	3.96462e-06	0.00290607	0.00558219	10	GGTCCCCTGGTCG	TGCCCCCCTT	-
filter33	M1934_1.02	7	7.65269e-06	0.00560942	0.00558219	13	GGTCCCCTGGTCG	AGGTCAGGGTGACCTGGGCC	+
filter35	M1049_1.02	0	5.10975e-05	0.0374545	0.0369812	10	GTGATCCTCCCCC	ATGATACCCC	+
filter35	M1605_1.02	-3	5.10975e-05	0.0374545	0.0369812	10	GTGATCCTCCCCC	ATTCATCTTT	+
filter40	M0404_1.02	0	5.42232e-06	0.00397456	0.00794002	10	TCTCCCAGGGTGC	TGCCCCCCTT	-
filter41	M0408_1.02	-3	2.88244e-06	0.00211283	0.00144686	10	ACCCCTTAACATT	ATGTGCACAT	+
filter41	M1007_1.02	-4	3.05343e-06	0.00223816	0.00144686	9	ACCCCTTAACATT	TTTATGACC	+
filter41	M0632_1.02	-2	7.34299e-06	0.00538241	0.00260958	10	ACCCCTTAACATT	AATGTATCAA	+
filter41	M0607_1.02	-3	9.98145e-06	0.0073164	0.0028378	9	ACCCCTTAACATT	GCGTAAATA	+
filter41	M1110_1.02	-1	1.53962e-05	0.0112854	0.00364773	10	ACCCCTTAACATT	TCTATTGCCC	-
filter41	M0887_1.02	-4	3.00064e-05	0.0219947	0.0060936	9	ACCCCTTAACATT	CCTAATGAG	+
filter41	M0942_1.02	-5	7.38888e-05	0.0541605	0.0131295	8	ACCCCTTAACATT	TTGTAATT	+
filter41	M1592_1.02	-4	0.000101214	0.0741895	0.0146741	8	ACCCCTTAACATT	ATTGTTTT	-
filter41	M0891_1.02	-3	0.000103227	0.0756653	0.0146741	10	ACCCCTTAACATT	TTAATTGGTT	+
filter41	M1605_1.02	-4	0.00015063	0.110411	0.0162607	9	ACCCCTTAACATT	ATTCATCTTT	+
filter41	M0898_1.02	-4	0.000160143	0.117385	0.0162607	8	ACCCCTTAACATT	TTACGTAA	+
filter41	M1668_1.02	0	0.000241395	0.176942	0.0228768	12	ACCCCTTAACATT	TCCAAACGAGAT	+
filter41	M6330_1.02	6	0.000388371	0.284676	0.0310579	13	ACCCCTTAACATT	GTGCTGACCCCGCAGCCTTCG	+
filter41	M1034_1.02	-6	0.000393266	0.288264	0.0310579	7	ACCCCTTAACATT	TAATTGC	-
filter41	M1018_1.02	-6	0.000724574	0.531112	0.0468186	7	ACCCCTTAACATT	TAATTAA	+
filter47	M0607_1.02	-4	4.12502e-07	0.000302364	0.000589587	9	GGTCGAGAAAAAA	GCGTAAATA	+
filter47	M1668_1.02	-1	5.96546e-06	0.00437269	0.0042632	12	GGTCGAGAAAAAA	ATCTCGTTTGGA	-
filter47	M0432_1.02	0	1.33306e-05	0.00977135	0.00635113	9	GGTCGAGAAAAAA	GTGCGCGCG	-
filter47	M0408_1.02	-2	4.59879e-05	0.0337092	0.0131461	10	GGTCGAGAAAAAA	ATGTGCACAT	+
filter47	M0608_1.02	0	0.000102843	0.0753839	0.0240325	10	GGTCGAGAAAAAA	GGGGGCGTAA	+
filter47	M0610_1.02	0	0.000150009	0.109956	0.0240325	9	GGTCGAGAAAAAA	TAACGCGAT	-
filter47	M0891_1.02	-3	0.000151329	0.110924	0.0240325	10	GGTCGAGAAAAAA	TTAATTGGTT	+
filter51	M1605_1.02	0	6.53818e-07	0.000479248	0.000931439	10	ATGCAAGTAATAA	ATTCATCTTT	+
filter51	M0887_1.02	-3	3.10422e-05	0.0227539	0.0160994	9	ATGCAAGTAATAA	CTCATTAGG	-
filter51	M0408_1.02	-2	5.65045e-05	0.0414178	0.0160994	10	ATGCAAGTAATAA	ATGTGCACAT	+
filter51	M0891_1.02	-3	5.65045e-05	0.0414178	0.0160994	10	ATGCAAGTAATAA	TTAATTGGTT	+
filter51	M0942_1.02	0	7.23593e-05	0.0530393	0.0171807	8	ATGCAAGTAATAA	TTGTAATT	+
filter51	M1110_1.02	-3	8.50457e-05	0.0623385	0.0173082	10	ATGCAAGTAATAA	TCTATTGCCC	-
filter51	M0607_1.02	-4	0.0001346	0.0986616	0.0213059	9	ATGCAAGTAATAA	GCGTAAATA	+
filter51	M4850_1.02	4	0.000159514	0.116924	0.0221489	13	ATGCAAGTAATAA	CCAGATGGCACGGACACAACA	-
filter51	M1592_1.02	0	0.000179946	0.131901	0.0221489	8	ATGCAAGTAATAA	ATTGTTTT	-
filter51	M0632_1.02	-3	0.000186567	0.136754	0.0221489	10	ATGCAAGTAATAA	AATGTATCAA	+
filter51	M0898_1.02	-4	0.000277533	0.203431	0.0282412	8	ATGCAAGTAATAA	TTACGTAA	+
filter51	M1007_1.02	-1	0.000447887	0.328301	0.0375333	9	ATGCAAGTAATAA	TTTATGACC	+
filter54	M6547_1.02	6	2.7767e-05	0.0203532	0.0407065	13	GCTTGCCCAACAG	GCCGAGGCCTGGGGCCCCC	-
filter56	M1668_1.02	0	3.58856e-05	0.0263041	0.0462251	12	GCCTGGCTGGGGG	TCCAAACGAGAT	+
filter56	M6547_1.02	6	7.59846e-05	0.0556967	0.0462251	13	GCCTGGCTGGGGG	GCCGAGGCCTGGGGCCCCC	-
filter56	M6131_1.02	8	9.6006e-05	0.0703724	0.0462251	13	GCCTGGCTGGGGG	CCGGTTCAAACCGGTTCTGGC	+
filter57	M1528_1.02	-1	3.65661e-05	0.0268029	0.0444978	10	GGTTTCTTTTGTT	GTTGCCATGG	-
filter57	M1605_1.02	-1	0.000110416	0.0809352	0.0444978	10	GGTTTCTTTTGTT	ATTCATCTTT	+
filter57	M0408_1.02	-3	0.000126005	0.0923616	0.0444978	10	GGTTTCTTTTGTT	ATGTGCACAT	+
filter57	M1266_1.02	0	0.000211017	0.154676	0.0444978	10	GGTTTCTTTTGTT	GGTTTCGGTC	-
filter57	M1529_1.02	-1	0.000211017	0.154676	0.0444978	10	GGTTTCTTTTGTT	GTTGCTATGG	-
filter57	M1007_1.02	-2	0.000217036	0.159087	0.0444978	9	GGTTTCTTTTGTT	TTTATGACC	+
filter57	M0887_1.02	-4	0.000248522	0.182167	0.0445841	9	GGTTTCTTTTGTT	CCTAATGAG	+
filter61	M4850_1.02	0	2.82788e-06	0.00207284	0.00399753	13	ACAGATGAAAAAA	CCAGATGGCACGGACACAACA	-
filter62	M0199_1.02	1	4.95603e-06	0.00363277	0.0071576	12	CACATGTTTTTTT	GCACGTGTCGTTA	-
filter62	M0942_1.02	-3	2.43144e-05	0.0178225	0.0151066	8	CACATGTTTTTTT	TTGTAATT	+
filter62	M1605_1.02	-3	4.83185e-05	0.0354174	0.0151066	10	CACATGTTTTTTT	ATTCATCTTT	+
filter62	M0632_1.02	-2	5.55712e-05	0.0407337	0.0151066	10	CACATGTTTTTTT	AATGTATCAA	+
filter62	M4463_1.02	6	5.98545e-05	0.0438733	0.0151066	12	CACATGTTTTTTT	CTGACTCATTTCCACATT	-
filter62	M0408_1.02	-3	7.32201e-05	0.0536703	0.0151066	10	CACATGTTTTTTT	ATGTGCACAT	+
filter63	M4850_1.02	4	1.71676e-05	0.0125838	0.0251043	13	ATGGCCTGCATTG	CCAGATGGCACGGACACAACA	-
filter67	M1668_1.02	1	6.6296e-06	0.0048595	0.00950468	11	CCACCCTGGCCAA	TCCAAACGAGAT	+
filter72	M0942_1.02	-3	5.61778e-05	0.0411783	0.049641	8	CTGTTGGAGAGGA	TTGTAATT	+
filter72	M0891_1.02	-3	0.00013247	0.0971008	0.049641	10	CTGTTGGAGAGGA	TTAATTGGTT	+
filter72	M1592_1.02	-2	0.000150601	0.11039	0.049641	8	CTGTTGGAGAGGA	ATTGTTTT	-
filter72	M0408_1.02	-1	0.000172922	0.126752	0.049641	10	CTGTTGGAGAGGA	ATGTGCACAT	+
filter74	M1605_1.02	-3	1.25483e-05	0.00919791	0.0179262	10	GCCACACCGCACC	ATTCATCTTT	+
filter74	M1668_1.02	0	6.897e-05	0.050555	0.0309454	12	GCCACACCGCACC	TCCAAACGAGAT	+
filter74	M0891_1.02	-3	7.18326e-05	0.0526533	0.0309454	10	GCCACACCGCACC	TTAATTGGTT	+
filter74	M0607_1.02	-1	8.66472e-05	0.0635124	0.0309454	9	GCCACACCGCACC	GCGTAAATA	+
filter78	M0408_1.02	-3	5.50291e-06	0.00403363	0.00396541	10	ATCGCCTTTATTT	ATGTGCACAT	+
filter78	M0607_1.02	-3	2.75284e-05	0.0201783	0.0132247	9	ATCGCCTTTATTT	GCGTAAATA	+
filter78	M0887_1.02	-4	4.36039e-05	0.0319617	0.0147754	9	ATCGCCTTTATTT	CCTAATGAG	+
filter78	M0891_1.02	-3	5.69294e-05	0.0417292	0.0147754	10	ATCGCCTTTATTT	TTAATTGGTT	+
filter78	M0898_1.02	-5	6.15128e-05	0.0450889	0.0147754	8	ATCGCCTTTATTT	TTACGTAA	+
filter78	M1007_1.02	-4	9.09093e-05	0.0666365	0.018717	9	ATCGCCTTTATTT	TTTATGACC	+
filter78	M0942_1.02	-5	0.000136056	0.0997288	0.0245105	8	ATCGCCTTTATTT	TTGTAATT	+
filter78	M1110_1.02	-2	0.000337706	0.247539	0.0471274	10	ATCGCCTTTATTT	TCTATTGCCC	-
filter78	M0632_1.02	-2	0.000427999	0.313723	0.0471274	10	ATCGCCTTTATTT	AATGTATCAA	+
filter78	M1592_1.02	0	0.000440678	0.323017	0.0471274	8	ATCGCCTTTATTT	ATTGTTTT	-
filter80	M0609_1.02	-2	2.69924e-07	0.000197854	0.000391457	10	CCCCCAGGTCCCC	CCCCGCGGCC	+
filter84	M6257_1.02	2	1.00712e-05	0.0073822	0.0136718	13	AATGATTAAATAA	TAAGAGATAACTTAGAT	+
filter86	M0404_1.02	-2	7.26277e-06	0.00532361	0.0104421	10	CCTCGCCATGTTT	TGCCCCCCTT	-
filter89	M6445_1.02	-1	2.30455e-05	0.0168924	0.0336534	11	CGAGGTCAGCAAA	GAGGTCAGGGC	-
filter90	M0404_1.02	-1	6.72891e-06	0.00493229	0.00979919	10	TCCACCCTCCTCG	TGCCCCCCTT	-
filter91	M6445_1.02	0	4.36919e-06	0.00320261	0.00626324	11	GAAGTCAGTAGTT	GAGGTCAGGGC	-
filter91	M6461_1.02	1	4.73752e-05	0.0347261	0.0200478	9	GAAGTCAGTAGTT	TGAGGTCACA	-
filter91	M1458_1.02	1	5.29952e-05	0.0388455	0.0200478	9	GAAGTCAGTAGTT	CGAGGTCAGT	-
filter91	M6181_1.02	1	5.59406e-05	0.0410045	0.0200478	10	GAAGTCAGTAGTT	TGACGTCAGTG	-
filter91	M1432_1.02	1	0.000125594	0.0920606	0.036008	9	GAAGTCAGTAGTT	AGAGGTCAAT	-
filter91	M6152_1.02	2	0.000171038	0.125371	0.0408639	8	GAAGTCAGTAGTT	GTGACGTCAC	-
filter91	M6443_1.02	0	0.000242718	0.177913	0.0497054	7	GAAGTCAGTAGTT	GAGGTCA	-
filter96	M0756_1.02	0	2.38438e-05	0.0174775	0.0341843	9	AGATACACACACA	GTAAACAAA	+
filter100	M0891_1.02	-4	7.39115e-06	0.00541772	0.00972613	9	TCATCTAAATAAA	TTAATTGGTT	+
filter100	M0408_1.02	-2	2.04001e-05	0.0149533	0.00972613	10	TCATCTAAATAAA	ATGTGCACAT	+
filter100	M1605_1.02	-2	4.05003e-05	0.0296867	0.0144819	10	TCATCTAAATAAA	ATTCATCTTT	+
filter100	M0887_1.02	-3	7.78022e-05	0.057029	0.0222562	9	TCATCTAAATAAA	CCTAATGAG	+
filter100	M0607_1.02	-4	0.000102626	0.0752247	0.0244643	9	TCATCTAAATAAA	GCGTAAATA	+
filter100	M1110_1.02	-3	0.000129061	0.0946014	0.0263708	10	TCATCTAAATAAA	TCTATTGCCC	-
filter100	M0632_1.02	-1	0.000186155	0.136451	0.0296094	10	TCATCTAAATAAA	AATGTATCAA	+
filter100	M0898_1.02	-4	0.000186313	0.136568	0.0296094	8	TCATCTAAATAAA	TTACGTAA	+
filter100	M0942_1.02	-2	0.000214935	0.157548	0.029615	8	TCATCTAAATAAA	TTGTAATT	+
filter100	M1007_1.02	-3	0.00022776	0.166948	0.029615	9	TCATCTAAATAAA	TTTATGACC	+
filter103	M0609_1.02	-2	1.44751e-06	0.00106102	0.0020853	10	CCCCCAGCCCCCC	CCCCGCGGCC	+
filter103	M4604_1.02	-1	8.6321e-05	0.0632733	0.0373794	12	CCCCCAGCCCCCC	CTCCTCCCCTCCCTCCTCCCC	-
filter103	M0404_1.02	0	8.64648e-05	0.0633787	0.0373794	10	CCCCCAGCCCCCC	TGCCCCCCTT	-
filter103	M0608_1.02	-2	0.000127321	0.093326	0.0373794	10	CCCCCAGCCCCCC	TTACGCCCCC	-
filter103	M1668_1.02	-2	0.000129735	0.0950955	0.0373794	11	CCCCCAGCCCCCC	TCCAAACGAGAT	+
filter104	M0632_1.02	-3	2.39352e-05	0.0175445	0.0239745	10	TGCAAACATATAA	AATGTATCAA	+
filter104	M1605_1.02	1	6.667e-05	0.0488691	0.0239745	9	TGCAAACATATAA	ATTCATCTTT	+
filter104	M0408_1.02	-3	8.82449e-05	0.0646835	0.0239745	10	TGCAAACATATAA	ATGTGCACAT	+
filter104	M0887_1.02	-4	0.000110702	0.0811442	0.0239745	9	TGCAAACATATAA	CTCATTAGG	-
filter104	M0891_1.02	-3	0.000116202	0.085176	0.0239745	10	TGCAAACATATAA	TTAATTGGTT	+
filter104	M4850_1.02	5	0.000257423	0.188691	0.0359198	13	TGCAAACATATAA	CCAGATGGCACGGACACAACA	-
filter104	M1668_1.02	0	0.00028059	0.205673	0.0359198	12	TGCAAACATATAA	TCCAAACGAGAT	+
filter104	M0898_1.02	-3	0.000294669	0.215992	0.0359198	8	TGCAAACATATAA	TTACGTAA	+
filter104	M0756_1.02	-1	0.000298457	0.218769	0.0359198	9	TGCAAACATATAA	GTAAACAAA	+
filter104	M0607_1.02	-1	0.000391367	0.286872	0.0434785	9	TGCAAACATATAA	GCGTAAATA	+
filter104	M0442_1.02	3	0.000510564	0.374243	0.0491578	6	TGCAAACATATAA	CACTGCATT	-
filter104	M1110_1.02	-3	0.000548387	0.401967	0.0494995	10	TGCAAACATATAA	GGGCAATAGA	+
filter108	M6461_1.02	0	2.86678e-05	0.0210135	0.0283823	10	TCTGACCTAATGT	TGTGACCTCA	+
filter108	M6521_1.02	-1	5.99947e-05	0.0439761	0.0283823	10	TCTGACCTAATGT	CTGACCTGAA	+
filter108	M6446_1.02	-1	8.00132e-05	0.0586497	0.0283823	12	TCTGACCTAATGT	GTGACCTCTGGGTGACCCCC	+
filter108	M1934_1.02	7	8.90357e-05	0.0652631	0.0283823	13	TCTGACCTAATGT	AGGTCAGGGTGACCTGGGCC	+
filter108	M6389_1.02	-1	9.85775e-05	0.0722573	0.0283823	12	TCTGACCTAATGT	CTGACCTCTGGCC	+
filter108	M1458_1.02	0	0.000187268	0.137267	0.0401658	10	TCTGACCTAATGT	ACTGACCTCG	+
filter108	M4511_1.02	-2	0.000195306	0.143159	0.0401658	8	TCTGACCTAATGT	TGACCTCT	+
filter108	M6445_1.02	2	0.000317313	0.23259	0.0481402	9	TCTGACCTAATGT	GCCCTGACCTC	+
filter108	M1432_1.02	0	0.000318425	0.233406	0.0481402	10	TCTGACCTAATGT	ATTGACCTCT	+
filter108	M6532_1.02	-2	0.000334401	0.245116	0.0481402	7	TCTGACCTAATGT	TGACCTC	+
filter115	M1605_1.02	-3	4.73023e-07	0.000346726	0.000672421	10	GTCAGTCACGATC	ATTCATCTTT	+
filter115	M0408_1.02	-2	4.29974e-05	0.0315171	0.0134542	10	GTCAGTCACGATC	ATGTGCACAT	+
filter115	M0632_1.02	-1	4.29974e-05	0.0315171	0.0134542	10	GTCAGTCACGATC	AATGTATCAA	+
filter115	M0887_1.02	0	5.43148e-05	0.0398127	0.0134542	9	GTCAGTCACGATC	CTCATTAGG	-
filter115	M1110_1.02	-1	5.67873e-05	0.0416251	0.0134542	10	GTCAGTCACGATC	TCTATTGCCC	-
filter115	M1007_1.02	-4	8.46533e-05	0.0620509	0.0171911	9	GTCAGTCACGATC	TTTATGACC	+
filter115	M0891_1.02	-4	0.000211867	0.155299	0.0376472	9	GTCAGTCACGATC	TTAATTGGTT	+
filter115	M6446_1.02	0	0.000300743	0.220445	0.0422859	13	GTCAGTCACGATC	GGGGGTCACCCAGAGGTCAC	-
filter115	M1592_1.02	-3	0.000338285	0.247963	0.0422859	8	GTCAGTCACGATC	ATTGTTTT	-
filter115	M0609_1.02	-3	0.000441665	0.32374	0.0422859	10	GTCAGTCACGATC	CCCCGCGGCC	+
filter115	M0424_1.02	0	0.000441665	0.32374	0.0422859	10	GTCAGTCACGATC	AGCTGTCAAA	-
filter115	M6406_1.02	1	0.000441691	0.323759	0.0422859	13	GTCAGTCACGATC	GTTCAGTCATGCGTGACA	+
filter115	M0942_1.02	-4	0.000446199	0.327064	0.0422859	8	GTCAGTCACGATC	TTGTAATT	+
filter128	M6420_1.02	-1	5.67285e-06	0.0041582	0.00818839	12	TGGGGGCAGAGGG	GGGGGCATCAGGAGGGG	+
filter129	M6257_1.02	2	1.41951e-05	0.010405	0.0179527	13	TGTGATTACAGGA	TAAGAGATAACTTAGAT	+
filter129	M6418_1.02	0	2.73257e-05	0.0200298	0.0179527	10	TGTGATTACAGGA	TGGGATTAAA	-
filter129	M6401_1.02	4	7.55762e-05	0.0553974	0.0331018	11	TGTGATTACAGGA	GTTAAGGGATTAAAG	-
filter129	M5346_1.02	0	0.00010564	0.077434	0.0347021	10	TGTGATTACAGGA	ACGGATTAGC	-
filter129	M6258_1.02	-1	0.000159969	0.117257	0.03893	7	TGTGATTACAGGA	AAGATAA	+
filter129	M5345_1.02	0	0.000185852	0.136229	0.03893	10	TGTGATTACAGGA	GCGGATTAAC	-
filter129	M5501_1.02	0	0.000207393	0.152019	0.03893	10	TGTGATTACAGGA	GCGGATTAGG	-
filter129	M6263_1.02	2	0.000286385	0.20992	0.047038	8	TGTGATTACAGGA	GCTGTGATTT	+
filter132	M0891_1.02	-3	6.18555e-06	0.00453401	0.00255905	10	AAGGTACTGACCT	TTAATTGGTT	+
filter132	M1668_1.02	-1	7.21451e-06	0.00528824	0.00255905	12	AAGGTACTGACCT	ATCTCGTTTGGA	-
filter132	M0408_1.02	-1	7.23249e-06	0.00530142	0.00255905	10	AAGGTACTGACCT	ATGTGCACAT	+
filter132	M0887_1.02	-2	1.33503e-05	0.00978579	0.00377896	9	AAGGTACTGACCT	CCTAATGAG	+
filter132	M1110_1.02	-2	1.79204e-05	0.0131357	0.00422715	10	AAGGTACTGACCT	TCTATTGCCC	-
filter132	M0898_1.02	-3	6.85453e-05	0.0502437	0.0138589	8	AAGGTACTGACCT	TTACGTAA	+
filter132	M0632_1.02	0	8.3344e-05	0.0610912	0.0140149	10	AAGGTACTGACCT	AATGTATCAA	+
filter132	M0607_1.02	-4	9.90238e-05	0.0725844	0.0140149	9	AAGGTACTGACCT	GCGTAAATA	+
filter132	M1007_1.02	-3	0.000199656	0.146348	0.0216507	9	AAGGTACTGACCT	TTTATGACC	+
filter132	M4850_1.02	8	0.000214166	0.156984	0.0216507	13	AAGGTACTGACCT	CCAGATGGCACGGACACAACA	-
filter132	M0942_1.02	-1	0.000424986	0.311515	0.035495	8	AAGGTACTGACCT	AATTACAA	-
filter132	M0609_1.02	-3	0.000426349	0.312514	0.035495	10	AAGGTACTGACCT	CCCCGCGGCC	+
filter132	M6446_1.02	0	0.000549998	0.403148	0.0425224	13	AAGGTACTGACCT	GGGGGTCACCCAGAGGTCAC	-
filter132	M0608_1.02	-3	0.000605914	0.444135	0.0428777	10	AAGGTACTGACCT	TTACGCCCCC	-
filter133	M5502_1.02	0	2.68752e-05	0.0196996	0.0139477	10	GTTAAGTGAAAAA	TTTAATTAGG	+
filter133	M5503_1.02	0	2.68752e-05	0.0196996	0.0139477	10	GTTAAGTGAAAAA	TTTAATTAGT	+
filter133	M1125_1.02	0	3.07529e-05	0.0225419	0.0139477	10	GTTAAGTGAAAAA	GCTAATTGGC	+
filter133	M5414_1.02	0	5.19704e-05	0.0380943	0.0147592	10	GTTAAGTGAAAAA	GTTAATTGGT	+
filter133	M0961_1.02	-1	6.30227e-05	0.0461957	0.0147592	9	GTTAAGTGAAAAA	CTAATTGGT	+
filter133	M0891_1.02	-1	7.59318e-05	0.055658	0.0147592	10	GTTAAGTGAAAAA	TTAATTGGTT	+
filter133	M5631_1.02	0	7.59318e-05	0.055658	0.0147592	10	GTTAAGTGAAAAA	GTTAATTAGA	+
filter133	M0931_1.02	-2	0.000107126	0.0785235	0.0149219	9	GTTAAGTGAAAAA	TAATTAATT	+
filter133	M1039_1.02	0	0.000107126	0.0785235	0.0149219	9	GTTAAGTGAAAAA	GCTAATTGG	+
filter133	M5541_1.02	0	0.00010967	0.0803878	0.0149219	10	GTTAAGTGAAAAA	GTTAATTACT	+
filter133	M5542_1.02	0	0.000156682	0.114848	0.0181567	10	GTTAAGTGAAAAA	GCTAATTAGT	+
filter133	M5339_1.02	0	0.000176058	0.129051	0.0181567	10	GTTAAGTGAAAAA	GATAATTAGG	+
filter133	M0905_1.02	-1	0.000177668	0.130231	0.0181567	9	GTTAAGTGAAAAA	TTAATTACC	+
filter133	M5394_1.02	0	0.000197608	0.144847	0.0181567	10	GTTAAGTGAAAAA	GTTAATTGGA	+
filter133	M0975_1.02	-2	0.000226855	0.166285	0.0181567	9	GTTAAGTGAAAAA	TAATTAATT	+
filter133	M1012_1.02	-1	0.000226855	0.166285	0.0181567	9	GTTAAGTGAAAAA	TTAATGACC	+
filter133	M1070_1.02	-1	0.000226855	0.166285	0.0181567	9	GTTAAGTGAAAAA	TTAATGACC	+
filter133	M5284_1.02	0	0.000248122	0.181874	0.0187556	10	GTTAAGTGAAAAA	GCTAATTAGC	+
filter133	M5771_1.02	0	0.000310219	0.22739	0.0222153	10	GTTAAGTGAAAAA	GTTAATTGGC	+
filter133	M5294_1.02	0	0.000386251	0.283122	0.0262771	10	GTTAAGTGAAAAA	GTTAAACGGT	+
filter133	M6378_1.02	0	0.000434463	0.318462	0.0281495	13	GTTAAGTGAAAAA	AATAAGTATATAA	+
filter133	M5390_1.02	0	0.000478993	0.351102	0.029624	10	GTTAAGTGAAAAA	GCTAATTGGG	+
filter133	M1073_1.02	-1	0.00057261	0.419723	0.0323105	9	GTTAAGTGAAAAA	TTAATGACC	+
filter133	M0900_1.02	-1	0.000593673	0.435162	0.0323105	8	GTTAAGTGAAAAA	TTAATTGG	+
filter133	M5343_1.02	-1	0.000593673	0.435162	0.0323105	8	GTTAAGTGAAAAA	ATAATTAC	+
filter133	M1027_1.02	-1	0.000639418	0.468693	0.0334618	9	GTTAAGTGAAAAA	TTAATTACC	+
filter133	M1071_1.02	-1	0.000667296	0.489128	0.0336273	8	GTTAAGTGAAAAA	TTAATGAC	+
filter133	M0893_1.02	0	0.000728168	0.533747	0.0341642	10	GTTAAGTGAAAAA	GTTAATTAAC	+
filter133	M1030_1.02	-1	0.000794677	0.582498	0.0354059	9	GTTAAGTGAAAAA	TTAAGTGGT	-
filter133	M5543_1.02	0	0.000806677	0.591294	0.0354059	10	GTTAAGTGAAAAA	TTTAATTAGT	+
filter133	M5635_1.02	0	0.000892847	0.654457	0.0379633	10	GTTAAGTGAAAAA	TTTAATTACC	+
filter133	M5520_1.02	1	0.00103829	0.761063	0.0420511	10	GTTAAGTGAAAAA	TGTTAATTGCT	+
filter133	M5605_1.02	-1	0.0010508	0.770235	0.0420511	8	GTTAAGTGAAAAA	TTAATTAA	+
filter136	M0607_1.02	-4	1.47107e-05	0.0107829	0.021556	9	ATAGTGGTAAGTA	GCGTAAATA	+
filter139	M6446_1.02	0	3.38272e-05	0.0247953	0.0490665	13	TGAGCTCAGTGCA	GGGGGTCACCCAGAGGTCAC	-
filter143	M0607_1.02	-4	9.14097e-07	0.000670033	0.00131189	9	TGATGCGGTATAT	GCGTAAATA	+
filter143	M0408_1.02	-2	9.34392e-06	0.00684909	0.00447006	10	TGATGCGGTATAT	ATGTGCACAT	+
filter143	M0891_1.02	-2	7.62707e-05	0.0559064	0.0273655	10	TGATGCGGTATAT	TTAATTGGTT	+
filter143	M0898_1.02	-2	0.000192272	0.140935	0.0422849	8	TGATGCGGTATAT	TTACGTAA	-
filter143	M0609_1.02	-2	0.000208845	0.153083	0.0422849	10	TGATGCGGTATAT	CCCCGCGGCC	+
filter143	M1605_1.02	-2	0.000208845	0.153083	0.0422849	10	TGATGCGGTATAT	ATTCATCTTT	+
filter143	M0608_1.02	-2	0.000235706	0.172772	0.0422849	10	TGATGCGGTATAT	TTACGCCCCC	-
filter144	M0404_1.02	-1	2.49071e-05	0.0182569	0.0360898	10	AGGCCCCAGGGGC	TGCCCCCCTT	-
filter148	M0404_1.02	-1	2.07313e-08	1.5196e-05	3.03573e-05	10	TGCCCCCAAATAA	TGCCCCCCTT	-
filter152	M0891_1.02	-2	7.21689e-06	0.00528998	0.0103588	10	GTTTGGGTTTTTT	TTAATTGGTT	+
filter152	M0607_1.02	-3	1.7633e-05	0.012925	0.0126548	9	GTTTGGGTTTTTT	GCGTAAATA	+
filter152	M0632_1.02	-2	2.84303e-05	0.0208394	0.0136025	10	GTTTGGGTTTTTT	AATGTATCAA	+
filter152	M0408_1.02	-2	8.74167e-05	0.0640765	0.0206732	10	GTTTGGGTTTTTT	ATGTGCACAT	+
filter152	M0942_1.02	-3	9.81335e-05	0.0719319	0.0206732	8	GTTTGGGTTTTTT	TTGTAATT	+
filter152	M0756_1.02	-2	0.000112982	0.082816	0.0206732	9	GTTTGGGTTTTTT	TTTGTTTAC	-
filter152	M1592_1.02	-2	0.000115223	0.0844583	0.0206732	8	GTTTGGGTTTTTT	ATTGTTTT	-
filter152	M1668_1.02	0	0.000133418	0.0977951	0.0212779	12	GTTTGGGTTTTTT	ATCTCGTTTGGA	-
filter152	M1110_1.02	-2	0.000169259	0.124067	0.0242947	10	GTTTGGGTTTTTT	TCTATTGCCC	-
filter152	M1605_1.02	-2	0.000218637	0.160261	0.0273781	10	GTTTGGGTTTTTT	ATTCATCTTT	+
filter152	M1007_1.02	-2	0.000228889	0.167776	0.0273781	9	GTTTGGGTTTTTT	TTTATGACC	+
filter152	M0887_1.02	-2	0.000262444	0.192371	0.0289769	9	GTTTGGGTTTTTT	CTCATTAGG	-
filter152	M0898_1.02	-2	0.000289856	0.212465	0.0297176	8	GTTTGGGTTTTTT	TTACGTAA	+
filter152	M4850_1.02	1	0.000543029	0.39804	0.0487149	13	GTTTGGGTTTTTT	TGTTGTGTCCGTGCCATCTGG	+
filter152	M1266_1.02	1	0.000582138	0.426707	0.0491514	9	GTTTGGGTTTTTT	GGTTTCGGTC	-
filter153	M1007_1.02	-2	2.37552e-05	0.0174126	0.0153505	9	GTTTCCTTTTTTT	TTTATGACC	+
filter153	M0408_1.02	-3	3.20387e-05	0.0234844	0.0153505	10	GTTTCCTTTTTTT	ATGTGCACAT	+
filter153	M0891_1.02	-3	9.97638e-05	0.0731268	0.031366	10	GTTTCCTTTTTTT	TTAATTGGTT	+
filter153	M0887_1.02	-4	0.000127699	0.0936032	0.031366	9	GTTTCCTTTTTTT	CCTAATGAG	+
filter153	M1110_1.02	-2	0.000130931	0.0959722	0.031366	10	GTTTCCTTTTTTT	TCTATTGCCC	-
filter153	M0898_1.02	-3	0.000185321	0.13584	0.0380537	8	GTTTCCTTTTTTT	TTACGTAA	+
filter153	M1605_1.02	-1	0.000222464	0.163066	0.0399704	10	GTTTCCTTTTTTT	ATTCATCTTT	+
filter153	M0942_1.02	-3	0.000291049	0.213339	0.0464829	8	GTTTCCTTTTTTT	TTGTAATT	+
filter154	M6131_1.02	8	3.32739e-06	0.00243898	0.00482976	13	ACCCGGCCCAACT	CCGGTTCAAACCGGTTCTGGC	+
filter159	M1605_1.02	-2	2.77551e-06	0.00203445	0.00383922	10	CCATTATTTTTTT	ATTCATCTTT	+
filter159	M0891_1.02	-3	1.01162e-05	0.0074152	0.00699663	10	CCATTATTTTTTT	TTAATTGGTT	+
filter159	M1594_1.02	-1	2.48629e-05	0.0182245	0.0114638	10	CCATTATTTTTTT	CATTGTTCTT	+
filter159	M0436_1.02	-3	4.3908e-05	0.0321846	0.0151839	10	CCATTATTTTTTT	TTGTTTATTG	+
filter159	M1589_1.02	-2	8.65659e-05	0.0634528	0.0239484	10	CCATTATTTTTTT	ATTGTTCTGC	-
filter159	M1592_1.02	-2	0.000108438	0.0794854	0.0249995	8	CCATTATTTTTTT	ATTGTTTT	-
filter159	M1601_1.02	-2	0.000152354	0.111675	0.0301061	9	CCATTATTTTTTT	ATTGTTCTC	+
filter159	M1039_1.02	1	0.000227984	0.167112	0.0394197	8	CCATTATTTTTTT	CCAATTAGC	-
filter160	M1110_1.02	-2	2.86255e-05	0.0209825	0.0410347	10	GTTCTATTAATTC	TCTATTGCCC	-
filter166	M1605_1.02	-1	1.74445e-05	0.0127869	0.0250776	10	TATTCTTATTTTT	ATTCATCTTT	+
filter167	M1605_1.02	-3	4.38168e-05	0.0321178	0.0365219	10	ATCTTGCCCCACT	ATTCATCTTT	+
filter167	M1668_1.02	0	9.18959e-05	0.0673597	0.0365219	12	ATCTTGCCCCACT	TCCAAACGAGAT	+
filter167	M0891_1.02	-3	9.78116e-05	0.0716959	0.0365219	10	ATCTTGCCCCACT	TTAATTGGTT	+
filter167	M0408_1.02	-3	0.000126618	0.0928108	0.0365219	10	ATCTTGCCCCACT	ATGTGCACAT	+
filter167	M0887_1.02	-4	0.000155265	0.113809	0.0373208	9	ATCTTGCCCCACT	CTCATTAGG	-
filter167	M1007_1.02	-4	0.000203746	0.149345	0.0419777	9	ATCTTGCCCCACT	TTTATGACC	+
filter171	M1605_1.02	-3	4.08907e-06	0.00299729	0.00593429	10	TACTTTTTTTTTT	ATTCATCTTT	+
filter172	M1605_1.02	-3	1.01027e-05	0.00740531	0.0145541	10	CCGAGTGACTGAA	ATTCATCTTT	+
filter173	M0891_1.02	-3	2.63187e-06	0.00192916	0.00373005	10	CCCATAAACCCAA	TTAATTGGTT	+
filter173	M6290_1.02	0	5.07617e-05	0.0372084	0.0359713	11	CCCATAAACCCAA	CCAATAAAACC	+
filter175	M0607_1.02	-4	2.30745e-06	0.00169136	0.00325007	9	AATACCGTAAAAT	GCGTAAATA	+
filter176	M0607_1.02	-4	1.30047e-05	0.00953241	0.0188208	9	CATCTCCTGTCAA	GCGTAAATA	+
filter176	M0404_1.02	-2	5.39094e-05	0.0395156	0.019153	10	CATCTCCTGTCAA	TGCCCCCCTT	-
filter176	M0408_1.02	-1	6.98715e-05	0.0512158	0.019153	10	CATCTCCTGTCAA	ATGTGCACAT	+
filter176	M4604_1.02	0	7.61909e-05	0.0558479	0.019153	13	CATCTCCTGTCAA	CTCCTCCCCTCCCTCCTCCCC	-
filter176	M0609_1.02	-3	7.94052e-05	0.058204	0.019153	10	CATCTCCTGTCAA	CCCCGCGGCC	+
filter176	M1668_1.02	-1	0.000117635	0.0862264	0.0243208	12	CATCTCCTGTCAA	ATCTCGTTTGGA	-
filter178	M1605_1.02	-2	1.49998e-05	0.0109949	0.0219495	10	AAATTCCTGCAAT	ATTCATCTTT	+
filter178	M6507_1.02	1	3.31084e-05	0.0242684	0.024224	13	AAATTCCTGCAAT	CACATTCCTGCGCC	+
filter188	M0632_1.02	-3	9.31276e-05	0.0682626	0.0437815	10	CGCACTGGTTCAA	AATGTATCAA	+
filter188	M0607_1.02	-4	9.6553e-05	0.0707733	0.0437815	9	CGCACTGGTTCAA	GCGTAAATA	+
filter188	M1668_1.02	0	0.000100529	0.0736877	0.0437815	12	CGCACTGGTTCAA	TCCAAACGAGAT	+
filter188	M0408_1.02	-3	0.000159422	0.116857	0.0437815	10	CGCACTGGTTCAA	ATGTGCACAT	+
filter188	M1110_1.02	-3	0.000181734	0.133211	0.0437815	10	CGCACTGGTTCAA	TCTATTGCCC	-
filter189	M0408_1.02	-1	6.25439e-06	0.00458447	0.00263428	10	GCCGTGAAGGAGT	ATGTGCACAT	+
filter189	M0891_1.02	-3	7.35119e-06	0.00538842	0.00263428	10	GCCGTGAAGGAGT	TTAATTGGTT	+
filter189	M0887_1.02	-2	7.37747e-06	0.00540768	0.00263428	9	GCCGTGAAGGAGT	CCTAATGAG	+
filter189	M1110_1.02	-1	3.95136e-05	0.0289634	0.00936543	10	GCCGTGAAGGAGT	GGGCAATAGA	+
filter189	M0607_1.02	-1	4.58999e-05	0.0336446	0.00936543	9	GCCGTGAAGGAGT	GCGTAAATA	+
filter189	M4850_1.02	6	0.000128183	0.0939583	0.0228852	13	GCCGTGAAGGAGT	CCAGATGGCACGGACACAACA	-
filter189	M1007_1.02	-3	0.00020464	0.150001	0.0292284	9	GCCGTGAAGGAGT	TTTATGACC	+
filter189	M0898_1.02	-4	0.000292279	0.21424	0.0379506	8	GCCGTGAAGGAGT	TTACGTAA	+
filter189	M0632_1.02	-1	0.000390703	0.286385	0.0465028	10	GCCGTGAAGGAGT	TTGATACATT	-
filter192	M0607_1.02	-2	4.85662e-06	0.0035599	0.00697588	9	TAGCGACTGTCCT	GCGTAAATA	+
filter192	M0608_1.02	0	2.0168e-05	0.0147831	0.0144843	10	TAGCGACTGTCCT	TTACGCCCCC	-
filter192	M0431_1.02	-1	8.0889e-05	0.0592916	0.0387287	9	TAGCGACTGTCCT	TGCTACCGT	-
filter192	M0610_1.02	0	0.000125484	0.0919801	0.0450603	9	TAGCGACTGTCCT	TAACGCGAT	-
filter196	M0891_1.02	-3	6.41014e-06	0.00469863	0.00909911	10	CATATAAAAATAA	TTAATTGGTT	+
filter198	M6406_1.02	5	2.11605e-06	0.00155106	0.00295379	13	CGCATGAGATAAA	TGTCACGCATGACTGAAC	-
filter198	M0891_1.02	-3	1.1469e-05	0.00840679	0.00800479	10	CGCATGAGATAAA	TTAATTGGTT	+
filter198	M1110_1.02	0	8.12644e-05	0.0595668	0.0378123	10	CGCATGAGATAAA	TCTATTGCCC	-
filter199	M1668_1.02	1	3.37221e-05	0.0247183	0.0488573	11	TCACCCTGTTTGC	TCCAAACGAGAT	+
filter199	M0609_1.02	-2	7.01971e-05	0.0514545	0.0488573	10	TCACCCTGTTTGC	CCCCGCGGCC	+
filter199	M0607_1.02	-4	0.000101067	0.0740818	0.0488573	9	TCACCCTGTTTGC	GCGTAAATA	+

# Tomtom (Motif Comparison Tool): Version 5.0.3 compiled on Jan 14 2019 at 15:19:40
# The format of this file is described at http://meme-suite.org//doc/tomtom-output-format.html.
# tomtom -dist ed -thresh 0.05 -oc Results/TAL-GATA_binaryFeat_Analysis_allTFs_euclidean_v8_from_customTFs/Motif_Analysis/tomtom Results/TAL-GATA_binaryFeat_Analysis_allTFs_euclidean_v8_from_customTFs/Motif_Analysis/filters_meme.txt /s/jawar/h/nobackup/fahad/MEME_SUITE/motif_databases/CIS-BP/Homo_sapiens.meme
